-- phpMyAdmin SQL Dump
-- version 5.2.1
-- https://www.phpmyadmin.net/
--
-- Hôte : 127.0.0.1
-- Généré le : ven. 31 mai 2024 à 21:15
-- Version du serveur : 10.4.28-MariaDB
-- Version de PHP : 8.2.4

SET SQL_MODE = "NO_AUTO_VALUE_ON_ZERO";
START TRANSACTION;
SET time_zone = "+00:00";


/*!40101 SET @OLD_CHARACTER_SET_CLIENT=@@CHARACTER_SET_CLIENT */;
/*!40101 SET @OLD_CHARACTER_SET_RESULTS=@@CHARACTER_SET_RESULTS */;
/*!40101 SET @OLD_COLLATION_CONNECTION=@@COLLATION_CONNECTION */;
/*!40101 SET NAMES utf8mb4 */;

--
-- Base de données : `polytest`
--

-- --------------------------------------------------------

--
-- Structure de la table `annee_entity`
--

CREATE TABLE `annee_entity` (
  `id` int(11) NOT NULL,
  `annee` varchar(255) NOT NULL
) ENGINE=InnoDB DEFAULT CHARSET=utf8mb4 COLLATE=utf8mb4_general_ci;

--
-- Déchargement des données de la table `annee_entity`
--

INSERT INTO `annee_entity` (`id`, `annee`) VALUES
(1, '2022-2023'),
(2, '2023-2024'),
(3, '2024-2025');

-- --------------------------------------------------------

--
-- Structure de la table `classe_entity`
--

CREATE TABLE `classe_entity` (
  `id` int(11) NOT NULL,
  `statut_fraisE` tinyint(4) NOT NULL DEFAULT 0,
  `statut_fraisA` tinyint(4) NOT NULL DEFAULT 0,
  `statut_fraisL` tinyint(4) NOT NULL DEFAULT 0,
  `anneeEntityId` int(11) DEFAULT NULL,
  `promotionEntityId` int(11) DEFAULT NULL,
  `etudiantEntityId` int(11) DEFAULT NULL
) ENGINE=InnoDB DEFAULT CHARSET=utf8mb4 COLLATE=utf8mb4_general_ci;

--
-- Déchargement des données de la table `classe_entity`
--

INSERT INTO `classe_entity` (`id`, `statut_fraisE`, `statut_fraisA`, `statut_fraisL`, `anneeEntityId`, `promotionEntityId`, `etudiantEntityId`) VALUES
(1, 0, 0, 0, 1, 17, 1),
(2, 0, 0, 0, 1, 17, 2),
(3, 0, 0, 0, 1, 17, 3),
(4, 0, 0, 0, 1, 17, 4),
(5, 0, 0, 0, 1, 17, 5),
(6, 0, 0, 0, 1, 21, 6),
(7, 0, 0, 0, 1, 21, 7),
(8, 0, 0, 0, 1, 21, 8),
(9, 0, 0, 0, 1, 21, 9),
(10, 0, 0, 0, 1, 21, 10),
(11, 0, 0, 0, 1, 21, 11),
(12, 0, 0, 0, 1, 21, 12),
(13, 0, 0, 0, 1, 21, 13),
(14, 0, 0, 0, 1, 21, 14),
(15, 0, 0, 0, 1, 21, 15),
(16, 0, 0, 0, 1, 21, 16),
(17, 0, 0, 0, 1, 19, 17),
(18, 0, 0, 0, 1, 19, 18),
(19, 0, 0, 0, 1, 19, 19),
(20, 0, 0, 0, 1, 16, 20),
(21, 0, 0, 0, 1, 16, 21),
(22, 0, 0, 0, 1, 16, 22),
(23, 0, 0, 0, 1, 16, 23),
(24, 0, 0, 0, 1, 16, 24),
(25, 0, 0, 0, 1, 16, 25),
(26, 0, 0, 0, 1, 16, 26),
(27, 0, 0, 0, 1, 16, 27),
(28, 0, 0, 0, 1, 16, 28),
(29, 0, 0, 0, 1, 16, 29),
(30, 0, 0, 0, 1, 16, 30),
(31, 0, 0, 0, 1, 16, 31),
(32, 0, 0, 0, 1, 16, 32),
(33, 0, 0, 0, 1, 16, 33),
(34, 0, 0, 0, 1, 15, 34),
(35, 0, 0, 0, 1, 15, 35),
(36, 0, 0, 0, 1, 15, 36),
(37, 0, 0, 0, 1, 15, 37),
(38, 0, 0, 0, 1, 15, 38),
(39, 0, 0, 0, 1, 15, 39),
(40, 0, 0, 0, 1, 15, 40),
(41, 0, 0, 0, 1, 15, 41),
(42, 0, 0, 0, 1, 15, 42),
(43, 0, 0, 0, 1, 15, 43),
(44, 0, 0, 0, 1, 15, 44),
(45, 0, 0, 0, 1, 15, 45),
(46, 0, 0, 0, 1, 15, 46),
(47, 0, 0, 0, 1, 15, 47),
(48, 0, 0, 0, 1, 15, 48),
(49, 0, 0, 0, 1, 12, 49),
(50, 0, 0, 0, 1, 12, 50),
(51, 0, 0, 0, 1, 12, 51),
(52, 0, 0, 0, 1, 12, 52),
(53, 0, 0, 0, 1, 12, 53),
(54, 0, 0, 0, 1, 12, 54),
(55, 0, 0, 0, 1, 12, 55),
(56, 0, 0, 0, 1, 12, 56),
(57, 0, 0, 0, 1, 12, 57),
(58, 0, 0, 0, 1, 12, 58),
(59, 0, 0, 0, 1, 12, 59),
(60, 0, 0, 0, 1, 12, 60),
(61, 0, 0, 0, 1, 11, 61),
(62, 0, 0, 0, 1, 11, 62),
(63, 0, 0, 0, 1, 11, 63),
(64, 0, 0, 0, 1, 11, 64),
(65, 0, 0, 0, 1, 11, 65),
(66, 0, 0, 0, 1, 11, 66),
(67, 0, 0, 0, 1, 11, 67),
(68, 0, 0, 0, 1, 11, 68),
(69, 0, 0, 0, 1, 11, 69),
(70, 0, 0, 0, 1, 11, 70),
(71, 0, 0, 0, 1, 22, 71),
(72, 0, 0, 0, 1, 22, 72),
(73, 0, 0, 0, 1, 22, 73),
(74, 0, 0, 0, 1, 20, 74),
(75, 0, 0, 0, 1, 20, 75),
(76, 0, 0, 0, 1, 20, 76),
(77, 0, 0, 0, 1, 20, 77),
(78, 0, 0, 0, 1, 20, 78),
(79, 0, 0, 0, 1, 20, 79),
(80, 0, 0, 0, 1, 20, 80),
(81, 0, 0, 0, 1, 20, 81),
(82, 0, 0, 0, 1, 20, 82),
(83, 0, 0, 0, 1, 20, 83),
(84, 0, 0, 0, 1, 20, 84),
(85, 0, 0, 0, 1, 18, 85),
(86, 0, 0, 0, 1, 18, 86),
(87, 0, 0, 0, 1, 18, 87),
(88, 0, 0, 0, 1, 15, 88),
(89, 0, 0, 0, 1, 15, 89),
(90, 0, 0, 0, 1, 15, 90),
(91, 0, 0, 0, 1, 15, 91),
(92, 0, 0, 0, 1, 15, 92),
(93, 0, 0, 0, 1, 15, 93),
(94, 0, 0, 0, 1, 15, 94),
(95, 0, 0, 0, 1, 15, 95),
(96, 0, 0, 0, 1, 15, 96),
(97, 0, 0, 0, 1, 15, 97),
(98, 0, 0, 0, 1, 15, 98),
(99, 0, 0, 0, 1, 15, 99),
(100, 0, 0, 0, 1, 13, 100),
(101, 0, 0, 0, 1, 13, 101),
(102, 0, 0, 0, 1, 13, 102),
(103, 0, 0, 0, 1, 13, 103),
(104, 0, 0, 0, 1, 13, 104),
(105, 0, 0, 0, 1, 13, 105),
(106, 0, 0, 0, 1, 13, 106),
(107, 0, 0, 0, 1, 13, 107),
(108, 0, 0, 0, 1, 13, 108),
(109, 0, 0, 0, 1, 13, 109),
(110, 0, 0, 0, 1, 13, 110),
(111, 0, 0, 0, 1, 13, 111),
(112, 0, 0, 0, 1, 13, 112),
(113, 0, 0, 0, 1, 13, 113),
(114, 0, 0, 0, 1, 10, 114),
(115, 0, 0, 0, 1, 10, 115),
(116, 0, 0, 0, 1, 10, 116),
(117, 0, 0, 0, 1, 10, 117),
(118, 0, 0, 0, 1, 10, 118),
(119, 0, 0, 0, 1, 10, 119),
(120, 0, 0, 0, 1, 10, 120),
(121, 0, 0, 0, 1, 10, 121),
(122, 0, 0, 0, 1, 10, 122),
(123, 0, 0, 0, 1, 10, 123),
(124, 0, 0, 0, 1, 10, 124),
(125, 0, 0, 0, 1, 10, 125),
(126, 0, 0, 0, 1, 10, 126),
(127, 0, 0, 0, 1, 10, 127),
(128, 0, 0, 0, 1, 10, 128),
(129, 0, 0, 0, 1, 10, 129),
(130, 0, 0, 0, 1, 10, 130),
(131, 0, 0, 0, 1, 10, 131),
(132, 0, 0, 0, 1, 10, 132),
(133, 0, 0, 0, 1, 10, 133),
(134, 0, 0, 0, 1, 10, 134),
(135, 0, 0, 0, 1, 11, 135),
(136, 0, 0, 0, 1, 11, 136),
(137, 0, 0, 0, 1, 11, 137),
(138, 0, 0, 0, 1, 11, 138),
(139, 0, 0, 0, 1, 11, 139),
(140, 0, 0, 0, 1, 11, 140),
(141, 0, 0, 0, 1, 11, 141),
(142, 0, 0, 0, 1, 11, 142),
(143, 0, 0, 0, 1, 11, 143),
(144, 0, 0, 0, 1, 11, 144),
(145, 0, 0, 0, 1, 11, 145),
(146, 0, 0, 0, 1, 11, 146),
(147, 0, 0, 0, 1, 11, 147),
(148, 0, 0, 0, 1, 11, 148),
(149, 0, 0, 0, 1, 11, 149),
(150, 0, 0, 0, 1, 11, 150),
(151, 0, 0, 0, 1, 11, 151),
(152, 0, 0, 0, 1, 7, 152),
(153, 0, 0, 0, 1, 7, 153),
(154, 0, 0, 0, 1, 7, 154),
(155, 0, 0, 0, 1, 7, 155),
(156, 0, 0, 0, 1, 7, 156),
(157, 0, 0, 0, 1, 7, 157),
(158, 0, 0, 0, 1, 7, 158),
(159, 0, 0, 0, 1, 7, 159),
(160, 0, 0, 0, 1, 6, 160),
(161, 0, 0, 0, 1, 6, 161),
(162, 0, 0, 0, 1, 6, 162),
(163, 0, 0, 0, 1, 6, 163),
(164, 0, 0, 0, 1, 6, 164),
(165, 0, 0, 0, 1, 6, 165),
(166, 0, 0, 0, 1, 6, 166),
(167, 0, 0, 0, 1, 6, 167),
(168, 0, 0, 0, 1, 6, 168),
(169, 0, 0, 0, 1, 6, 169),
(170, 0, 0, 0, 1, 6, 170),
(171, 0, 0, 0, 1, 6, 171),
(172, 0, 0, 0, 1, 6, 172),
(173, 0, 0, 0, 1, 8, 173),
(174, 0, 0, 0, 1, 8, 174),
(175, 0, 0, 0, 1, 8, 175),
(176, 0, 0, 0, 1, 8, 176),
(177, 0, 0, 0, 1, 8, 177),
(178, 0, 0, 0, 1, 8, 178),
(179, 0, 0, 0, 1, 8, 179),
(180, 0, 0, 0, 1, 8, 180),
(181, 0, 0, 0, 1, 8, 181),
(182, 0, 0, 0, 1, 8, 182),
(183, 0, 0, 0, 1, 8, 183),
(184, 0, 0, 0, 1, 8, 184),
(185, 0, 0, 0, 1, 8, 185),
(186, 0, 0, 0, 1, 8, 186),
(187, 0, 0, 0, 1, 8, 187),
(188, 0, 0, 0, 1, 8, 188),
(189, 0, 0, 0, 1, 8, 189),
(190, 0, 0, 0, 1, 8, 190),
(191, 0, 0, 0, 1, 4, 191),
(192, 0, 0, 0, 1, 4, 192),
(193, 0, 0, 0, 1, 4, 193),
(194, 0, 0, 0, 1, 4, 194),
(195, 0, 0, 0, 1, 4, 195),
(196, 0, 0, 0, 1, 4, 196),
(197, 0, 0, 0, 1, 4, 197),
(198, 0, 0, 0, 1, 3, 198),
(199, 0, 0, 0, 1, 3, 199),
(200, 0, 0, 0, 1, 3, 200),
(201, 0, 0, 0, 1, 3, 201),
(202, 0, 0, 0, 1, 3, 202),
(203, 0, 0, 0, 1, 3, 203),
(204, 0, 0, 0, 1, 3, 204),
(205, 0, 0, 0, 1, 3, 205),
(206, 0, 0, 0, 1, 3, 206),
(207, 0, 0, 0, 1, 3, 207),
(208, 0, 0, 0, 1, 3, 208),
(209, 0, 0, 0, 1, 3, 209),
(210, 0, 0, 0, 1, 3, 210),
(211, 0, 0, 0, 1, 3, 211),
(212, 0, 0, 0, 1, 3, 212),
(213, 0, 0, 0, 1, 3, 213),
(214, 0, 0, 0, 1, 3, 214),
(215, 0, 0, 0, 1, 3, 215),
(216, 0, 0, 0, 1, 3, 216),
(217, 0, 0, 0, 1, 3, 217),
(218, 0, 0, 0, 1, 5, 218),
(219, 0, 0, 0, 1, 5, 219),
(220, 0, 0, 0, 1, 5, 220),
(221, 0, 0, 0, 1, 5, 221),
(222, 0, 0, 0, 1, 5, 222),
(223, 0, 0, 0, 1, 5, 223),
(224, 0, 0, 0, 1, 5, 224),
(225, 0, 0, 0, 1, 5, 225),
(226, 0, 0, 0, 1, 5, 226),
(227, 0, 0, 0, 1, 5, 227),
(228, 0, 0, 0, 1, 5, 228),
(229, 0, 0, 0, 1, 5, 229),
(230, 0, 0, 0, 1, 5, 230),
(231, 0, 0, 0, 1, 5, 231),
(232, 0, 0, 0, 1, 5, 232),
(233, 0, 0, 0, 1, 5, 233),
(234, 0, 0, 0, 1, 5, 234),
(235, 0, 0, 0, 1, 5, 235),
(236, 0, 0, 0, 1, 5, 236),
(237, 0, 0, 0, 1, 5, 237),
(238, 0, 0, 0, 1, 5, 238),
(239, 0, 0, 0, 1, 5, 239),
(240, 0, 0, 0, 1, 5, 240),
(241, 0, 0, 0, 1, 2, 241),
(242, 0, 0, 0, 1, 2, 242),
(243, 0, 0, 0, 1, 2, 243),
(244, 0, 0, 0, 1, 2, 244),
(245, 0, 0, 0, 1, 2, 245),
(246, 0, 0, 0, 1, 2, 246),
(247, 0, 0, 0, 1, 2, 247),
(248, 0, 0, 0, 1, 2, 248),
(249, 0, 0, 0, 1, 2, 249),
(250, 0, 0, 0, 1, 2, 250),
(251, 0, 0, 0, 1, 2, 251),
(252, 0, 0, 0, 1, 2, 252),
(253, 0, 0, 0, 1, 2, 253),
(254, 0, 0, 0, 1, 2, 254),
(255, 0, 0, 0, 1, 2, 255),
(256, 0, 0, 0, 1, 2, 256),
(257, 0, 0, 0, 1, 2, 257),
(258, 0, 0, 0, 1, 2, 258),
(259, 0, 0, 0, 1, 2, 259),
(260, 0, 0, 0, 1, 2, 260),
(261, 0, 0, 0, 1, 2, 261),
(262, 0, 0, 0, 1, 2, 262),
(263, 0, 0, 0, 1, 2, 263),
(264, 0, 0, 0, 1, 2, 264),
(265, 0, 0, 0, 1, 2, 265),
(266, 0, 0, 0, 1, 2, 266),
(267, 0, 0, 0, 1, 2, 267),
(268, 0, 0, 0, 1, 2, 268),
(269, 0, 0, 0, 1, 2, 269),
(270, 0, 0, 0, 1, 2, 270),
(271, 0, 0, 0, 1, 2, 271),
(272, 0, 0, 0, 1, 2, 272),
(273, 0, 0, 0, 1, 2, 273),
(274, 0, 0, 0, 1, 2, 274),
(275, 0, 0, 0, 1, 2, 275),
(276, 0, 0, 0, 1, 2, 276),
(277, 0, 0, 0, 1, 2, 277),
(278, 0, 0, 0, 1, 2, 278),
(279, 0, 0, 0, 1, 2, 279),
(280, 0, 0, 0, 1, 2, 280),
(281, 0, 0, 0, 1, 2, 281),
(282, 0, 0, 0, 1, 2, 282),
(283, 0, 0, 0, 1, 2, 283),
(284, 0, 0, 0, 1, 2, 284),
(285, 0, 0, 0, 1, 2, 285),
(286, 0, 0, 0, 1, 2, 286),
(287, 0, 0, 0, 1, 2, 287),
(288, 0, 0, 0, 1, 2, 288),
(289, 0, 0, 0, 1, 2, 289),
(290, 0, 0, 0, 1, 2, 290),
(291, 0, 0, 0, 1, 2, 291),
(292, 0, 0, 0, 1, 2, 292),
(293, 0, 0, 0, 1, 2, 293),
(294, 0, 0, 0, 1, 2, 294),
(295, 0, 0, 0, 1, 2, 295),
(296, 0, 0, 0, 1, 2, 296),
(297, 0, 0, 0, 1, 2, 297),
(298, 0, 0, 0, 1, 2, 298),
(299, 0, 0, 0, 1, 2, 299),
(300, 0, 0, 0, 1, 2, 300),
(301, 0, 0, 0, 1, 2, 301),
(302, 0, 0, 0, 1, 2, 302),
(303, 0, 0, 0, 1, 2, 303),
(304, 0, 0, 0, 1, 2, 304),
(305, 0, 0, 0, 1, 2, 305),
(306, 0, 0, 0, 1, 2, 306),
(307, 0, 0, 0, 1, 2, 307),
(308, 0, 0, 0, 1, 2, 308),
(309, 0, 0, 0, 1, 2, 309),
(310, 0, 0, 0, 1, 2, 310),
(311, 0, 0, 0, 1, 2, 311),
(312, 0, 0, 0, 1, 2, 312),
(313, 0, 0, 0, 1, 2, 313),
(314, 0, 0, 0, 1, 2, 314),
(315, 0, 0, 0, 1, 2, 315),
(316, 0, 0, 0, 1, 2, 316),
(317, 0, 0, 0, 1, 2, 317),
(318, 0, 0, 0, 1, 2, 318),
(319, 0, 0, 0, 1, 2, 319),
(320, 0, 0, 0, 1, 2, 320),
(321, 0, 0, 0, 1, 2, 321),
(322, 0, 0, 0, 1, 2, 322),
(323, 0, 0, 0, 1, 2, 323),
(324, 0, 0, 0, 1, 2, 324),
(325, 0, 0, 0, 1, 2, 325),
(326, 0, 0, 0, 1, 2, 326),
(327, 0, 0, 0, 1, 2, 327),
(328, 0, 0, 0, 1, 2, 328),
(329, 0, 0, 0, 1, 2, 329),
(330, 0, 0, 0, 1, 2, 330),
(331, 0, 0, 0, 1, 2, 331),
(332, 0, 0, 0, 1, 2, 332),
(333, 0, 0, 0, 1, 2, 333),
(334, 0, 0, 0, 1, 2, 334),
(335, 0, 0, 0, 1, 2, 335),
(336, 0, 0, 0, 1, 2, 336),
(337, 0, 0, 0, 1, 2, 337),
(338, 0, 0, 0, 1, 2, 338),
(339, 0, 0, 0, 1, 2, 339),
(340, 0, 0, 0, 1, 2, 340),
(341, 0, 0, 0, 1, 2, 341),
(342, 0, 0, 0, 1, 2, 342),
(343, 0, 0, 0, 1, 2, 343),
(344, 0, 0, 0, 1, 2, 344),
(345, 0, 0, 0, 1, 2, 345),
(346, 0, 0, 0, 1, 2, 346),
(347, 0, 0, 0, 1, 2, 347),
(348, 0, 0, 0, 1, 2, 348),
(349, 0, 0, 0, 1, 2, 349),
(350, 0, 0, 0, 1, 2, 350),
(351, 0, 0, 0, 1, 1, 351),
(352, 0, 0, 0, 1, 1, 352),
(353, 0, 0, 0, 1, 1, 353),
(354, 0, 0, 0, 1, 1, 354),
(355, 0, 0, 0, 1, 1, 355),
(356, 0, 0, 0, 1, 1, 356),
(357, 0, 0, 0, 1, 1, 357),
(358, 0, 0, 0, 1, 1, 358),
(359, 0, 0, 0, 1, 1, 359),
(360, 0, 0, 0, 1, 1, 360),
(361, 0, 0, 0, 1, 1, 361),
(362, 0, 0, 0, 1, 1, 362),
(363, 0, 0, 0, 1, 1, 363),
(364, 0, 0, 0, 1, 1, 364),
(365, 0, 0, 0, 1, 1, 365),
(366, 0, 0, 0, 1, 1, 366),
(367, 0, 0, 0, 1, 1, 367),
(368, 0, 0, 0, 1, 1, 368),
(369, 0, 0, 0, 1, 1, 369),
(370, 0, 0, 0, 1, 1, 370),
(371, 0, 0, 0, 1, 1, 371),
(372, 0, 0, 0, 1, 1, 372),
(373, 0, 0, 0, 1, 1, 373),
(374, 0, 0, 0, 1, 1, 374),
(375, 0, 0, 0, 1, 1, 375),
(376, 0, 0, 0, 1, 1, 376),
(377, 0, 0, 0, 1, 1, 377),
(378, 0, 0, 0, 1, 1, 378),
(379, 0, 0, 0, 1, 1, 379),
(380, 0, 0, 0, 1, 1, 380),
(381, 0, 0, 0, 1, 1, 381),
(382, 0, 0, 0, 1, 1, 382),
(383, 0, 0, 0, 1, 1, 383),
(384, 0, 0, 0, 1, 1, 384),
(385, 0, 0, 0, 1, 1, 385),
(386, 0, 0, 0, 1, 1, 386),
(387, 0, 0, 0, 1, 1, 387),
(388, 0, 0, 0, 1, 1, 388),
(389, 0, 0, 0, 1, 1, 389),
(390, 0, 0, 0, 1, 1, 390),
(391, 0, 0, 0, 1, 1, 391),
(392, 0, 0, 0, 1, 1, 392),
(393, 0, 0, 0, 1, 1, 393),
(394, 0, 0, 0, 1, 1, 394),
(395, 0, 0, 0, 1, 1, 395),
(396, 0, 0, 0, 1, 1, 396),
(397, 0, 0, 0, 1, 1, 397),
(398, 0, 0, 0, 1, 1, 398),
(399, 0, 0, 0, 1, 1, 399),
(400, 0, 0, 0, 1, 1, 400),
(401, 0, 0, 0, 1, 1, 401),
(402, 0, 0, 0, 1, 1, 402),
(403, 0, 0, 0, 1, 1, 403),
(404, 0, 0, 0, 1, 1, 404),
(405, 0, 0, 0, 1, 1, 405),
(406, 0, 0, 0, 1, 1, 406),
(407, 0, 0, 0, 1, 1, 407),
(408, 0, 0, 0, 1, 1, 408),
(409, 0, 0, 0, 1, 1, 409),
(410, 0, 0, 0, 1, 1, 410),
(411, 0, 0, 0, 1, 1, 411),
(412, 0, 0, 0, 1, 1, 412),
(413, 0, 0, 0, 1, 1, 413),
(414, 0, 0, 0, 1, 1, 414),
(415, 0, 0, 0, 1, 1, 415),
(416, 0, 0, 0, 1, 1, 416),
(417, 0, 0, 0, 1, 1, 417),
(418, 0, 0, 0, 1, 1, 418),
(419, 0, 0, 0, 1, 1, 419),
(420, 0, 0, 0, 1, 1, 420),
(421, 0, 0, 0, 1, 1, 421),
(422, 0, 0, 0, 1, 1, 422),
(423, 0, 0, 0, 1, 1, 423),
(424, 0, 0, 0, 1, 1, 424),
(425, 0, 0, 0, 1, 1, 425),
(426, 0, 0, 0, 1, 1, 426),
(427, 0, 0, 0, 1, 1, 427),
(428, 0, 0, 0, 1, 1, 428),
(429, 0, 0, 0, 1, 1, 429),
(430, 0, 0, 0, 1, 1, 430),
(431, 0, 0, 0, 1, 1, 431),
(432, 0, 0, 0, 1, 1, 432),
(433, 0, 0, 0, 1, 1, 433),
(434, 0, 0, 0, 1, 1, 434),
(435, 0, 0, 0, 1, 1, 435),
(436, 0, 0, 0, 1, 1, 436),
(437, 0, 0, 0, 1, 1, 437),
(438, 0, 0, 0, 1, 1, 438),
(439, 0, 0, 0, 1, 1, 439),
(440, 0, 0, 0, 1, 1, 440),
(441, 0, 0, 0, 1, 1, 441),
(442, 0, 0, 0, 1, 1, 442),
(443, 0, 0, 0, 1, 1, 443),
(444, 0, 0, 0, 1, 1, 444),
(445, 0, 0, 0, 1, 1, 445),
(446, 0, 0, 0, 1, 1, 446),
(447, 0, 0, 0, 1, 1, 447),
(448, 0, 0, 0, 1, 1, 448),
(449, 0, 0, 0, 1, 1, 449),
(450, 0, 0, 0, 1, 1, 450),
(451, 0, 0, 0, 1, 1, 451),
(452, 0, 0, 0, 1, 1, 452),
(453, 0, 0, 0, 1, 1, 453),
(454, 0, 0, 0, 1, 1, 454),
(455, 0, 0, 0, 1, 1, 455),
(456, 0, 0, 0, 1, 1, 456),
(457, 0, 0, 0, 1, 1, 457),
(458, 0, 0, 0, 1, 1, 458),
(459, 0, 0, 0, 1, 1, 459),
(460, 0, 0, 0, 1, 1, 460),
(461, 0, 0, 0, 1, 1, 461),
(462, 0, 0, 0, 1, 1, 462),
(463, 0, 0, 0, 1, 1, 463),
(464, 0, 0, 0, 1, 1, 464),
(465, 0, 0, 0, 1, 1, 465),
(466, 0, 0, 0, 1, 1, 466),
(467, 0, 0, 0, 1, 1, 467),
(468, 0, 0, 0, 1, 1, 468),
(469, 0, 0, 0, 1, 1, 469),
(470, 0, 0, 0, 1, 1, 470),
(471, 0, 0, 0, 1, 1, 471),
(472, 0, 0, 0, 1, 1, 472),
(473, 0, 0, 0, 1, 1, 473),
(474, 0, 0, 0, 1, 1, 474),
(475, 0, 0, 0, 1, 1, 475),
(476, 0, 0, 0, 1, 1, 476),
(477, 0, 0, 0, 1, 1, 477),
(478, 0, 0, 0, 1, 1, 478),
(479, 0, 0, 0, 1, 1, 479),
(480, 0, 0, 0, 1, 1, 480),
(481, 0, 0, 0, 1, 1, 481),
(482, 0, 0, 0, 1, 1, 482),
(483, 0, 0, 0, 1, 1, 483),
(484, 0, 0, 0, 1, 1, 484),
(485, 0, 0, 0, 1, 1, 485),
(486, 0, 0, 0, 1, 1, 486),
(487, 0, 0, 0, 1, 1, 487),
(488, 0, 0, 0, 1, 1, 488),
(489, 0, 0, 0, 1, 1, 489),
(490, 0, 0, 0, 1, 1, 490),
(491, 0, 0, 0, 1, 1, 491),
(492, 0, 0, 0, 1, 1, 492),
(493, 0, 0, 0, 1, 1, 493),
(494, 0, 0, 0, 1, 1, 494),
(495, 0, 0, 0, 1, 1, 495),
(496, 0, 0, 0, 1, 1, 496),
(497, 0, 0, 0, 1, 1, 497),
(498, 0, 0, 0, 1, 1, 498),
(499, 0, 0, 0, 1, 1, 499),
(500, 0, 0, 0, 1, 1, 500),
(501, 0, 0, 0, 1, 1, 501),
(502, 0, 0, 0, 1, 1, 502),
(503, 0, 0, 0, 1, 1, 503),
(504, 0, 0, 0, 1, 1, 504),
(505, 0, 0, 0, 1, 1, 505),
(506, 0, 0, 0, 1, 1, 506),
(507, 0, 0, 0, 1, 1, 507),
(508, 0, 0, 0, 1, 1, 508),
(509, 0, 0, 0, 1, 1, 509),
(510, 0, 0, 0, 1, 1, 510),
(511, 0, 0, 0, 1, 1, 511),
(512, 0, 0, 0, 1, 1, 512),
(513, 0, 0, 0, 1, 1, 513),
(514, 0, 0, 0, 1, 1, 514),
(515, 0, 0, 0, 1, 1, 515),
(516, 0, 0, 0, 1, 1, 516),
(517, 0, 0, 0, 1, 1, 517),
(518, 0, 0, 0, 1, 1, 518),
(519, 0, 0, 0, 1, 1, 519),
(520, 0, 0, 0, 1, 1, 520),
(521, 0, 0, 0, 1, 1, 521),
(522, 0, 0, 0, 1, 1, 522),
(523, 0, 0, 0, 1, 1, 523),
(524, 0, 0, 0, 1, 1, 524),
(525, 0, 0, 0, 1, 1, 525),
(526, 0, 0, 0, 1, 1, 526),
(527, 0, 0, 0, 1, 1, 527),
(528, 0, 0, 0, 1, 1, 528),
(529, 0, 0, 0, 1, 1, 529),
(530, 0, 0, 0, 1, 1, 530),
(531, 0, 0, 0, 1, 1, 531),
(532, 0, 0, 0, 1, 1, 532),
(533, 0, 0, 0, 1, 1, 533),
(534, 0, 0, 0, 1, 1, 534),
(535, 0, 0, 0, 1, 1, 535),
(536, 0, 0, 0, 1, 1, 536),
(537, 0, 0, 0, 1, 1, 537),
(538, 0, 0, 0, 1, 1, 538),
(539, 0, 0, 0, 1, 1, 539),
(540, 0, 0, 0, 1, 1, 540),
(541, 0, 0, 0, 1, 1, 541),
(542, 0, 0, 0, 1, 1, 542),
(543, 0, 0, 0, 1, 1, 543),
(544, 0, 0, 0, 1, 1, 544),
(545, 0, 0, 0, 1, 1, 545),
(546, 0, 0, 0, 1, 1, 546),
(547, 0, 0, 0, 1, 1, 547),
(548, 0, 0, 0, 1, 1, 548),
(549, 0, 0, 0, 1, 1, 549),
(550, 0, 0, 0, 1, 1, 550),
(551, 0, 0, 0, 1, 1, 551),
(552, 0, 0, 0, 1, 1, 552),
(553, 0, 0, 0, 1, 1, 553),
(554, 0, 0, 0, 1, 1, 554),
(555, 0, 0, 0, 1, 1, 555),
(556, 0, 0, 0, 1, 1, 556),
(557, 0, 0, 0, 1, 1, 557),
(558, 0, 0, 0, 1, 1, 558),
(559, 0, 0, 0, 1, 1, 559),
(560, 0, 0, 0, 1, 1, 560),
(561, 0, 0, 0, 1, 1, 561),
(562, 0, 0, 0, 1, 1, 562),
(563, 0, 0, 0, 1, 1, 563),
(564, 0, 0, 0, 1, 1, 564),
(565, 0, 0, 0, 1, 1, 565),
(566, 0, 0, 0, 1, 1, 566),
(567, 0, 0, 0, 1, 1, 567),
(568, 0, 0, 0, 1, 1, 568),
(569, 0, 0, 0, 1, 1, 569),
(570, 0, 0, 0, 1, 1, 570),
(571, 0, 0, 0, 1, 1, 571),
(572, 0, 0, 0, 1, 1, 572),
(573, 0, 0, 0, 1, 1, 573),
(574, 0, 0, 0, 1, 1, 574),
(575, 0, 0, 0, 1, 1, 575),
(576, 0, 0, 0, 1, 1, 576),
(577, 0, 0, 0, 1, 1, 577),
(578, 0, 0, 0, 1, 1, 578),
(579, 0, 0, 0, 1, 1, 579),
(580, 0, 0, 0, 1, 1, 580),
(581, 0, 0, 0, 1, 1, 581),
(582, 0, 0, 0, 1, 1, 582),
(583, 0, 0, 0, 1, 1, 583),
(584, 0, 0, 0, 1, 1, 584),
(585, 0, 0, 0, 1, 1, 585),
(586, 0, 0, 0, 1, 1, 586),
(587, 0, 0, 0, 1, 1, 587),
(588, 0, 0, 0, 1, 1, 588),
(589, 0, 0, 0, 1, 1, 589),
(590, 0, 0, 0, 1, 1, 590),
(591, 0, 0, 0, 1, 1, 591),
(592, 0, 0, 0, 1, 1, 592),
(593, 0, 0, 0, 1, 1, 593),
(594, 0, 0, 0, 1, 1, 594),
(595, 0, 0, 0, 1, 1, 595),
(596, 0, 0, 0, 1, 1, 596),
(597, 0, 0, 0, 1, 1, 597),
(598, 0, 0, 0, 1, 1, 598),
(599, 0, 0, 0, 1, 1, 599),
(600, 0, 0, 0, 1, 1, 600),
(601, 0, 0, 0, 1, 1, 601),
(602, 0, 0, 0, 1, 1, 602),
(603, 0, 0, 0, 1, 1, 603),
(604, 0, 0, 0, 1, 1, 604),
(605, 0, 0, 0, 1, 1, 605),
(606, 0, 0, 0, 1, 1, 606),
(607, 0, 0, 0, 1, 1, 607),
(608, 0, 0, 0, 1, 1, 608),
(609, 0, 0, 0, 1, 1, 609),
(610, 0, 0, 0, 1, 1, 610),
(611, 0, 0, 0, 1, 1, 611),
(612, 0, 0, 0, 1, 1, 612),
(613, 0, 0, 0, 1, 1, 613),
(614, 0, 0, 0, 1, 1, 614),
(615, 0, 0, 0, 1, 1, 615),
(616, 0, 0, 0, 1, 1, 616),
(617, 0, 0, 0, 1, 1, 617),
(618, 0, 0, 0, 1, 1, 618),
(619, 0, 0, 0, 1, 1, 619),
(620, 0, 0, 0, 1, 1, 620),
(621, 0, 0, 0, 1, 1, 621),
(622, 0, 0, 0, 1, 1, 622),
(623, 0, 0, 0, 1, 1, 623),
(624, 0, 0, 0, 1, 1, 624),
(625, 0, 0, 0, 1, 1, 625),
(626, 0, 0, 0, 1, 1, 626),
(627, 0, 0, 0, 1, 1, 627),
(628, 0, 0, 0, 1, 1, 628),
(629, 0, 0, 0, 1, 1, 629),
(630, 0, 0, 0, 1, 1, 630),
(631, 0, 0, 0, 1, 1, 631),
(632, 0, 0, 0, 1, 1, 632),
(633, 0, 0, 0, 1, 1, 633),
(634, 0, 0, 0, 1, 1, 634),
(635, 0, 0, 0, 1, 1, 635),
(636, 0, 0, 0, 1, 1, 636),
(637, 0, 0, 0, 1, 1, 637),
(638, 0, 0, 0, 1, 1, 638),
(639, 0, 0, 0, 2, 2, 639),
(640, 0, 0, 0, 2, 2, 640),
(641, 0, 0, 0, 2, 2, 641),
(642, 0, 0, 0, 2, 2, 642),
(643, 0, 0, 0, 2, 2, 643),
(644, 0, 0, 0, 2, 2, 644),
(645, 0, 0, 0, 2, 2, 645),
(646, 0, 0, 0, 2, 2, 646),
(647, 0, 0, 0, 2, 2, 647),
(648, 0, 0, 0, 2, 2, 648),
(649, 0, 0, 0, 2, 2, 649),
(650, 0, 0, 0, 2, 2, 650),
(651, 0, 0, 0, 2, 2, 651),
(652, 0, 0, 0, 2, 2, 652),
(653, 0, 0, 0, 2, 2, 653),
(654, 0, 0, 0, 2, 2, 654),
(655, 0, 0, 0, 2, 2, 655),
(656, 0, 0, 0, 2, 2, 656),
(657, 0, 0, 0, 2, 2, 657),
(658, 0, 0, 0, 2, 2, 658),
(659, 0, 0, 0, 2, 2, 659),
(660, 0, 0, 0, 2, 2, 660),
(661, 0, 0, 0, 2, 2, 661),
(662, 0, 0, 0, 2, 2, 662),
(663, 0, 0, 0, 2, 2, 663),
(664, 0, 0, 0, 2, 2, 664),
(665, 0, 0, 0, 2, 2, 665),
(666, 0, 0, 0, 2, 2, 666),
(667, 0, 0, 0, 2, 2, 667),
(668, 0, 0, 0, 2, 2, 668),
(669, 0, 0, 0, 2, 2, 669),
(670, 0, 0, 0, 2, 2, 670),
(671, 0, 0, 0, 2, 2, 671),
(672, 0, 0, 0, 2, 2, 672),
(673, 0, 0, 0, 2, 2, 673),
(674, 0, 0, 0, 2, 2, 674),
(675, 0, 0, 0, 2, 2, 675),
(676, 0, 0, 0, 2, 2, 676),
(677, 0, 0, 0, 2, 2, 677),
(678, 0, 0, 0, 2, 2, 678),
(679, 0, 0, 0, 2, 2, 679),
(680, 0, 0, 0, 2, 2, 680),
(681, 0, 0, 0, 2, 2, 681),
(682, 0, 0, 0, 2, 2, 682),
(683, 0, 0, 0, 2, 2, 683),
(684, 0, 0, 0, 2, 2, 684),
(685, 0, 0, 0, 2, 2, 685),
(686, 0, 0, 0, 2, 2, 686),
(687, 0, 0, 0, 2, 2, 687),
(688, 0, 0, 0, 2, 2, 688),
(689, 0, 0, 0, 2, 2, 689),
(690, 0, 0, 0, 2, 2, 690),
(691, 0, 0, 0, 2, 2, 691),
(692, 0, 0, 0, 2, 2, 692),
(693, 0, 0, 0, 2, 2, 693),
(694, 0, 0, 0, 2, 2, 694),
(695, 0, 0, 0, 2, 2, 695),
(696, 0, 0, 0, 2, 2, 696),
(697, 0, 0, 0, 2, 2, 697),
(698, 0, 0, 0, 2, 2, 698),
(699, 0, 0, 0, 2, 2, 699),
(700, 0, 0, 0, 2, 2, 700),
(701, 0, 0, 0, 2, 2, 701),
(702, 0, 0, 0, 2, 2, 702),
(703, 0, 0, 0, 2, 2, 703),
(704, 0, 0, 0, 2, 2, 704),
(705, 0, 0, 0, 2, 2, 705),
(706, 0, 0, 0, 2, 2, 706),
(707, 0, 0, 0, 2, 2, 707),
(708, 0, 0, 0, 2, 2, 708),
(709, 0, 0, 0, 2, 2, 709),
(710, 0, 0, 0, 2, 2, 710),
(711, 0, 0, 0, 2, 2, 711),
(712, 0, 0, 0, 2, 2, 712),
(713, 0, 0, 0, 2, 2, 713),
(714, 0, 0, 0, 2, 2, 714),
(715, 0, 0, 0, 2, 2, 715),
(716, 0, 0, 0, 2, 2, 716),
(717, 0, 0, 0, 2, 2, 717),
(718, 0, 0, 0, 2, 2, 718),
(719, 0, 0, 0, 2, 2, 719),
(720, 0, 0, 0, 2, 2, 720),
(721, 0, 0, 0, 2, 2, 721),
(722, 0, 0, 0, 2, 2, 722),
(723, 0, 0, 0, 2, 2, 723),
(724, 0, 0, 0, 2, 2, 724),
(725, 0, 0, 0, 2, 2, 725),
(726, 0, 0, 0, 2, 2, 726),
(727, 0, 0, 0, 2, 2, 727),
(728, 0, 0, 0, 2, 2, 728),
(729, 0, 0, 0, 2, 2, 729),
(730, 0, 0, 0, 2, 2, 730),
(731, 0, 0, 0, 2, 2, 731),
(732, 0, 0, 0, 2, 2, 732),
(733, 0, 0, 0, 2, 2, 733),
(734, 0, 0, 0, 2, 2, 734),
(735, 0, 0, 0, 2, 2, 735),
(736, 0, 0, 0, 2, 2, 736),
(737, 0, 0, 0, 2, 2, 737),
(738, 0, 0, 0, 2, 2, 738),
(739, 0, 0, 0, 2, 2, 739),
(740, 0, 0, 0, 2, 2, 740),
(741, 0, 0, 0, 2, 2, 741),
(742, 0, 0, 0, 2, 2, 742),
(743, 0, 0, 0, 2, 2, 743),
(744, 0, 0, 0, 2, 2, 744),
(745, 0, 0, 0, 2, 2, 745),
(746, 0, 0, 0, 2, 2, 746),
(747, 0, 0, 0, 2, 2, 747),
(748, 0, 0, 0, 2, 2, 748),
(749, 0, 0, 0, 2, 2, 749),
(750, 0, 0, 0, 2, 2, 750),
(751, 0, 0, 0, 2, 2, 751),
(752, 0, 0, 0, 2, 2, 752),
(753, 0, 0, 0, 2, 2, 753),
(754, 0, 0, 0, 2, 2, 754),
(755, 0, 0, 0, 2, 2, 755);

-- --------------------------------------------------------

--
-- Structure de la table `compte_entity`
--

CREATE TABLE `compte_entity` (
  `id` int(11) NOT NULL,
  `loginEmail` varchar(255) NOT NULL,
  `password` varchar(255) NOT NULL,
  `roleEntitiesId` int(11) DEFAULT NULL
) ENGINE=InnoDB DEFAULT CHARSET=utf8mb4 COLLATE=utf8mb4_general_ci;

--
-- Déchargement des données de la table `compte_entity`
--

INSERT INTO `compte_entity` (`id`, `loginEmail`, `password`, `roleEntitiesId`) VALUES
(1, 'exaucemaruba@gmail.com', 'Exauce23$$', 1);

-- --------------------------------------------------------

--
-- Structure de la table `depart_entity`
--

CREATE TABLE `depart_entity` (
  `id` int(11) NOT NULL,
  `nom` varchar(255) NOT NULL
) ENGINE=InnoDB DEFAULT CHARSET=utf8mb4 COLLATE=utf8mb4_general_ci;

--
-- Déchargement des données de la table `depart_entity`
--

INSERT INTO `depart_entity` (`id`, `nom`) VALUES
(1, 'SB'),
(2, 'GEI'),
(3, 'GM'),
(4, 'GC');

-- --------------------------------------------------------

--
-- Structure de la table `etudiant_entity`
--

CREATE TABLE `etudiant_entity` (
  `id` int(11) NOT NULL,
  `nom` varchar(255) NOT NULL,
  `postNom` varchar(255) DEFAULT NULL,
  `prenom` varchar(255) DEFAULT NULL,
  `sexe` varchar(255) DEFAULT NULL,
  `statut` varchar(255) DEFAULT NULL,
  `tel` varchar(255) DEFAULT NULL,
  `email` varchar(255) DEFAULT NULL,
  `adresse` varchar(255) DEFAULT NULL,
  `compteEntityId` int(11) DEFAULT NULL
) ENGINE=InnoDB DEFAULT CHARSET=utf8mb4 COLLATE=utf8mb4_general_ci;

--
-- Déchargement des données de la table `etudiant_entity`
--

INSERT INTO `etudiant_entity` (`id`, `nom`, `postNom`, `prenom`, `sexe`, `statut`, `tel`, `email`, `adresse`, `compteEntityId`) VALUES
(1, 'BUSHA', 'ANTUIL', 'JESSYCA', 'F', '', '0', '0', '0', NULL),
(2, 'DONDO', 'ANKIR', '', 'M', '', '', '', '', NULL),
(3, 'KADIMA', 'MWANA', 'NTAMBWE', 'M', '', '', '', '', NULL),
(4, 'KATIAMBA', 'KAVANDA', '', 'M', '', '', '', '', NULL),
(5, 'NGABO', ' MUHINDO', '', 'M', 'B', '', '', '', NULL),
(6, 'AGANZE', 'NAMEGABE', '', 'M', '', '', '', '', NULL),
(7, 'AKONKWA', 'MAROY', 'JONATHAN', 'M', '', '', '', '', NULL),
(8, 'BILO', 'MACDONALD', '', 'M', '', '', '', '', NULL),
(9, 'BIRINDWA', 'KATONGA', '', 'M', '', '', '', '', NULL),
(10, 'BOLEKO', 'BONYONGO', 'OBED', 'M', '', '', '', '', NULL),
(11, 'FURAHA', 'TUBAJIKA', 'PERSIDE', 'F', '', '', '', '', NULL),
(12, 'KALALA', 'KAMANAMAMBU', '', 'M', '', '', '', '', NULL),
(13, 'KASANDA', 'KASANDA', '', 'M', '', '', '', '', NULL),
(14, 'LUZIYA', ' TONA', '', '', '', '', '', '', NULL),
(15, 'MPUETA', 'NGUINDI', 'REDDY', 'M', '', '', '', '', NULL),
(16, 'OWANGA', 'WETSHIKOY', '', '', '', '', '', '', NULL),
(17, 'BOTOKO', 'IMEKA', '', 'F', '', '', '', '', NULL),
(18, 'KAYEYE', 'KABEYA', 'DIVIN', 'M', '', '', '', '', NULL),
(19, 'NSADI', 'MBIAPA', '', 'M', 'B', '', '', '', NULL),
(20, 'BAHINZI', 'ARISTOTE', '', 'M', '', '', '', '', NULL),
(21, 'BANINGI', 'BAMOTANGA', '', 'M', '', '', '', '', NULL),
(22, 'BIKAKA', ' LUBASTHI', '', 'F', '', '', '', '', NULL),
(23, 'BUHINYORI', 'NGANGO', '', 'M', '', '', '', '', NULL),
(24, 'ENYEKA', 'ENYEKA', 'GEDÉON', 'M', '', '', '', '', NULL),
(25, 'KABANGU', 'YAM', '', 'M', '', '', '', '', NULL),
(26, 'KUTABUNA', 'KUBAKISA', '', 'M', '', '', '', '', NULL),
(27, 'LUKUSA', 'KAYEMBE', 'ISAAC', 'M', '', '', '', '', NULL),
(28, 'MINTADI', 'KWILU', '', 'F', '', '', '', '', NULL),
(29, 'SAFARI', 'WA KIBANCHA', 'KIBANCHA', 'M', '', '', '', '', NULL),
(30, 'SOTULA', 'MASANGU', '', 'M', '', '', '', '', NULL),
(31, 'TSHIMANGA', 'NKASHAMA', '', 'M', '', '', '', '', NULL),
(32, 'TSHIPAMA', 'MUSHIYA', '', 'M', '', '', '', '', NULL),
(33, 'TSHITAMBA', ' MUTAMBAYI', '', '', '', '', '', '', NULL),
(34, 'BARUANI', 'MWADAWA', '', 'F', '', '', '', '', NULL),
(35, 'BUHINYORI', 'NDAGANO', '', 'M', '', '', '', '', NULL),
(36, 'KATSHUKANIAM', 'KABAMBA', '', 'M', '', '', '', '', NULL),
(37, 'KINKONDO', 'NKIOM', '', 'M', '', '', '', '', NULL),
(38, 'KUPENZA', 'BISAMBU', '', 'M', '', '', '', '', NULL),
(39, 'KWETE', 'BANZA', 'DINOVIC', 'M', '', '', '', '', NULL),
(40, 'LUZOLO', 'MAWONGA', 'KETSIA', 'F', '', '', '', '', NULL),
(41, 'MABIALA', 'DIAMA', 'ONESIME', 'M', '', '', '', '', NULL),
(42, 'MATOMA', 'KIMPESE', '', 'M', '', '', '', '', NULL),
(43, 'MIANTEZOLO', 'ROMÉO', '', 'M', '', '', '', '', NULL),
(44, 'MUMBONGO', ' LUNUNGU', '', 'M', '', '', '', '', NULL),
(45, 'NTUMBA', 'KASEKA', 'Perside', 'F', '', '', '', '', NULL),
(46, 'NTWALI', 'MUTAONA', 'SAMUEL', 'M', '', '', '', '', NULL),
(47, 'OMIEN', 'NTEDI', '', 'M', '', '', '', '', NULL),
(48, 'RHUSIMANE', 'BASHIGE', 'Christine', 'F', '', '', '', '', NULL),
(49, 'ASSANI', 'SALUMU', '', 'M', '', '', '', '', NULL),
(50, 'BAYOKA', 'BIDI', '', '', '', '', '', '', NULL),
(51, 'BILIKI', 'MULINGILIZA', '', 'M', '', '', '', '', NULL),
(52, 'BOFEDZA', 'IWANGA', '', 'M', '', '', '', '', NULL),
(53, 'CIAM', 'MWAMBA', 'CIAM', 'M', '', '', '', '', NULL),
(54, 'HERI', 'RUNAZI', '', 'M', '', '', '', '', NULL),
(55, 'KATUMBI', 'CIKALA', 'JOSPIN', 'M', '', '', '', '', NULL),
(56, 'KAUKAU', 'JASON', '', 'M', '', '', '', '', NULL),
(57, 'KOUTCHA', 'ZACHARIE', 'BENJAMIN', 'M', '', '', '', '', NULL),
(58, 'LUMBU', 'SERGE', '', 'M', '', '', '', '', NULL),
(59, 'MAVAKALA', 'SENGA', '', 'M', 'B', '', '', '', NULL),
(60, 'NSEYE', 'MBUTA', 'DAVID', 'M', '', '', '', '', NULL),
(61, 'AMANI', 'BALYAHAMWABO', 'BONHEUR', 'M', '', '', '', '', NULL),
(62, 'BAKANGA', 'NJING', '', 'F', '', '', '', '', NULL),
(63, 'DIANTETE', 'NKEMBO', 'GRACE', 'F', 'B', '', '', '', NULL),
(64, 'KABEYA', 'TSHIKAYA', '', 'M', '', '', '', '', NULL),
(65, 'KANDA', 'KALONJI', 'DOREA', 'M', '', '', '', '', NULL),
(66, 'MBAYO', 'MWEMBO', '', 'M', '', '', '', '', NULL),
(67, 'MPINDA', 'MWENZE', 'JOHNNY', 'M', '', '', '', '', NULL),
(68, 'MUGANGU', 'CUBAKA', '', 'M', '', '', '', '', NULL),
(69, 'TSHIBANGU', 'KALONJI', 'RAIS', 'M', '', '', '', '', NULL),
(70, 'TURUVENGO', 'ADOLPHE', 'MERVEILLE', 'M', '', '', '', '', NULL),
(71, 'CUBAKA', 'BAHARANYI', 'FABRICE', 'M', '', '', '', '', NULL),
(72, 'LONJI', 'KALOMBO', 'RAPHAEL', 'M', '', '', '', '', NULL),
(73, 'ODIA', 'KALAMBAY', 'MERVEILLE', 'F', '', '', '', '', NULL),
(74, 'AKONKWA', 'KAVUHA', '', 'M', '', '', '', '', NULL),
(75, 'BISENGETE', 'JACKSON', '', 'M', '', '', '', '', NULL),
(76, 'KANDE', 'GAMADIMBA', '', 'M', '', '', '', '', NULL),
(77, 'KOSTA', 'MPUTU', '', 'M', '', '', '', '', NULL),
(78, 'M’BUYAMBA', 'KABANGU', '', 'M', '', '', '', '', NULL),
(79, 'MUVUNGA', 'DUVIEUSART', '', 'M', '', '', '', '', NULL),
(80, 'NJIRWAN’OWIRHU', 'BISIMWA', '', 'M', '', '', '', '', NULL),
(81, 'NSIMIRE', 'KANYAMUKENGE', '', 'F', '', '', '', '', NULL),
(82, 'NTAMBWA', 'NTAMBWA', 'CHRISTIAN', 'M', '', '', '', '', NULL),
(83, 'ONAYEMA', 'NYUMBA', '', 'M', '', '', '', '', NULL),
(84, 'TSASA', 'NLANDU', '', 'M', '', '', '', '', NULL),
(85, 'IYA', 'BOSAWA', '', 'M', '', '', '', '', NULL),
(86, 'MABANZA', 'MUKRISTU', 'DANIEL', 'M', '', '', '', '', NULL),
(87, 'MANUEL', 'MUANJI', 'MUKENGE', 'M', '', '', '', '', NULL),
(88, 'BAHOGWERHE', 'MUDERHWA', '', 'M', '', '', '', '', NULL),
(89, 'BENA', 'BASUNDILADIO', '', 'M', '', '', '', '', NULL),
(90, 'ENYUNGU', 'WALLO', '', 'F', '', '', '', '', NULL),
(91, 'KAPINGA', 'MBWANGI', '', 'F', '', '', '', '', NULL),
(92, 'KIAKU', 'KUEDIATUKA', '', 'M', '', '', '', '', NULL),
(93, 'KOKO', 'BAZISHULA', 'BENEDICT', 'M', '', '', '', '', NULL),
(94, 'MADIDI', 'AKEM', 'ABEL', 'M', '', '', '', '', NULL),
(95, 'MUSALU', 'ANUNGA', '', 'M', '', '', '', '', NULL),
(96, 'NTOMPA', 'MONGA', 'PATRICK', 'M', '', '', '', '', NULL),
(97, 'NZUZI', 'NIMY', '', 'M', '', '', '', '', NULL),
(98, 'TANTA', 'MUZAMA', '', 'M', '', '', '', '', NULL),
(99, 'TSHIMBADI', 'KABENGELE', 'MERVIS', 'M', '', '', '', '', NULL),
(100, 'BAU', 'VEDA', '', 'M', '', '', '', '', NULL),
(101, 'CILOMBO', 'CIBANGU', '', 'M', '', '', '', '', NULL),
(102, 'KALANG', 'MAW', 'PENIEL', 'M', '', '', '', '', NULL),
(103, 'KIMBENI', 'JORTAY', '', 'F', '', '', '', '', NULL),
(104, 'KWON-JOO', 'MPOMA', 'KAHUMA', 'M', '', '', '', '', NULL),
(105, 'MAKAMBU', 'RENE', 'NEHEMIE', 'M', '', '', '', '', NULL),
(106, 'MALELI', 'MBIEME', '', 'M', '', '', '', '', NULL),
(107, 'MBUSU', 'PARFAIT', '', 'M', '', '', '', '', NULL),
(108, 'MURHULA', 'KATUNGU', '', 'M', '', '', '', '', NULL),
(109, 'NGOYA', 'MIONGO', 'CAMILLE', 'M', '', '', '', '', NULL),
(110, 'NTUMBA', 'PANZU', '', 'M', '', '', '', '', NULL),
(111, 'SIBI', 'SIBI', 'TRÉSOR', 'M', '', '', '', '', NULL),
(112, 'TSHUNZA', 'KALONJI', '', 'M', '', '', '', '', NULL),
(113, 'ZIBERA', 'CIRUNGU', '', 'M', '', '', '', '', NULL),
(114, 'BAZEGO', 'TEBAKWANE', '', 'M', 'B', '', '', '', NULL),
(115, 'BULEMBA', 'KALALA', 'JUNIOR', 'M', '', '', '', '', NULL),
(116, 'IPALA', 'EBA-PA-NI', 'EMMANUEL', 'M', '', '', '', '', NULL),
(117, 'ISSOMOR', 'ELI', '', 'M', '', '', '', '', NULL),
(118, 'KALAKI', 'KATULANGINDU', '', 'M', '', '', '', '', NULL),
(119, 'KAMBALE', ' MUSAYI', '', '', 'B', '', '', '', NULL),
(120, 'KAMBERE', 'OTSHUDI', 'DONEL', 'M', '', '', '', '', NULL),
(121, 'KAPITA', 'MBONGO', 'DONCHRI', 'M', '', '', '', '', NULL),
(122, 'KASONGO', 'GAUTHIER', '', 'M', '', '', '', '', NULL),
(123, 'KASONGO', 'RONY', '', 'M', '', '', '', '', NULL),
(124, 'KAZADI', 'LUBOYA', 'RANDY', 'M', '', '', '', '', NULL),
(125, 'KIAKWIMA', ' NLOKO', '', '', 'B', '', '', '', NULL),
(126, 'LUBANDA', ' AKIKA', '', '', 'B', '', '', '', NULL),
(127, 'MABANZA', 'MATABISI', 'MERCIS', 'M', '', '', '', '', NULL),
(128, 'MACHUMU', 'AMANI', 'JOSEPH', 'M', 'B', '', '', '', NULL),
(129, 'MAYELE', 'LEMBA', '', 'M', '', '', '', '', NULL),
(130, 'MBOKWETE', 'MINGA', '', 'M', '', '', '', '', NULL),
(131, 'MUHASSA', 'MWAMBA', '', 'M', '', '', '', '', NULL),
(132, 'MUTEBWA', 'KUBUTA', 'BENJAMIN', 'M', '', '', '', '', NULL),
(133, 'NGALAMULUME', 'KAYEMBE', '', 'M', '', '', '', '', NULL),
(134, 'SUNGU', 'GRACIA', '', 'M', '', '', '', '', NULL),
(135, 'AGOLOWA', 'KANGILO', 'DORCAS', 'F', '', '', '', '', NULL),
(136, 'BOSESE', 'PHILIPPE', '', 'M', '', '', '', '', NULL),
(137, 'ISHARA', 'KAMOLA', 'ELIE', 'M', '', '', '', '', NULL),
(138, 'JONATHAN', 'MAROY', 'KENGE', 'M', '', '', '', '', NULL),
(139, 'LEMBO', 'KIESE', 'JENOÉ', 'M', '', '', '', '', NULL),
(140, 'LESOM', 'MBOMBO', 'JEANCY', 'M', '', '', '', '', NULL),
(141, 'LUTUMBA', 'ILUNGA', '', 'M', '', '', '', '', NULL),
(142, 'METRE', 'AMANI', '', 'M', '', '', '', '', NULL),
(143, 'MISINGA', 'BUL’ZO', '', 'M', '', '', '', '', NULL),
(144, 'MUDJENE', 'SIKYALA', 'AMOS', '', '', '', '', '', NULL),
(145, 'MUKWABANTU', 'MUTELESI', 'JOSUE', 'M', '', '', '', '', NULL),
(146, 'MULASI', 'BAGULE', '', 'F', '', '', '', '', NULL),
(147, 'NKUTUA', ' KIKANGALA', '', '', '', '', '', '', NULL),
(148, 'NSAKA', 'T’SANKOYANGA', '', '', '', '', '', '', NULL),
(149, 'NTOKO', 'DONEL', '', 'M', '', '', '', '', NULL),
(150, 'NYENGELE', 'NGINDU', '', 'F', '', '', '', '', NULL),
(151, 'YEMBE', 'WIKOBINA', '', 'M', '', '', '', '', NULL),
(152, 'BASHONGA', 'LUKELEJI', 'CÉLESTE', 'F', '', '', '', '', NULL),
(153, 'GINZAMBA', 'MABIALA', '', 'M', '', '', '', '', NULL),
(154, 'ILOMBE', 'LULONGA', '', 'M', '', '', '', '', NULL),
(155, 'MBANGI', 'SUNGU', '', 'M', '', '', '', '', NULL),
(156, 'MBAYO', 'MAKUMBU', '', '', '', '', '', '', NULL),
(157, 'MUHIYA', 'MALIANI', '', 'M', '', '', '', '', NULL),
(158, 'NSIMBA', 'MATONDO', 'ROLAND', 'M', '', '', '', '', NULL),
(159, 'NTUMBA', 'KABALA', 'JAMIE', 'M', '', '', '', '', NULL),
(160, 'BADIBANGA', 'BADIBANGA', '', '', '', '', '', '', NULL),
(161, 'BUALUTI', 'BUKELE', '', 'M', '', '', '', '', NULL),
(162, 'DZAPILI', 'MITANO', 'JOSEPH', 'M', '', '', '', '', NULL),
(163, 'KAMBALE', 'MARUBA', 'EXAUCÉ', 'M', '', '', 'exaucemaruba@gmail.com', '', 1),
(164, 'LOOTA', 'BETOKO', 'DJODJO', 'M', '', '', '', '', NULL),
(165, 'LUNGI', 'SELEMANI', '', 'M', '', '', '', '', NULL),
(166, 'MARHEGANE', 'BITATI', '', 'M', '', '', '', '', NULL),
(167, 'MFWAMBA', 'NDAYA', '', '', '', '', '', '', NULL),
(168, 'MUGARUKA', 'CHIHYOKA', '', 'M', 'B', '', '', '', NULL),
(169, 'MUKABI', 'NGOMBO', '', 'M', '', '', '', '', NULL),
(170, 'NKISHI', 'DJENGA', '', 'M', 'B', '', '', '', NULL),
(171, 'NZAU', 'LUMENDO', 'Ulrich', 'M', 'N', '+243811755708', 'ulrichlumendo@gmail.com', 'Home UNIKIN', NULL),
(172, 'WATENDA', 'SONGI', 'ARSEL', 'M', '', '', '', '', NULL),
(173, 'ASIMWE', 'NDRUUDJO', '', '', '', '', '', '', NULL),
(174, 'BIJANU', 'KAYEMBE', 'BERNARD', 'M', 'B', '', '', '', NULL),
(175, 'BOALELA', 'IFEKELE', '', 'M', 'B', '', '', '', NULL),
(176, 'BOLOLO', 'LONGOMO', '', 'F', 'B', '', '', '', NULL),
(177, 'IKINDA', 'BALOMBO', '', 'M', '', '', '', '', NULL),
(178, 'KALUME', 'BENJAMIN', '', 'M', 'B', '', '', '', NULL),
(179, 'KIMWESA', 'NDUMBU', '', 'F', 'B', '', '', '', NULL),
(180, 'LUKENGO', 'MAYIMBA', 'PATER', 'M', 'B', '', '', '', NULL),
(181, 'MANZOTI', 'KIESE', '', 'M', 'B', '', '', '', NULL),
(182, 'MUNINGA', 'DIKAMBA', '', 'M', '', '', '', '', NULL),
(183, 'MYOJA', 'OSIBANDE', '', 'M', 'B', '', '', '', NULL),
(184, 'NAMBURHO', 'NEHEMA', '', 'F', 'B', '', '', '', NULL),
(185, 'NGALAMULUME', 'KABUE', 'PIERRE', 'M', '', '', '', '', NULL),
(186, 'NGOY', 'KISULA', 'LIONNEL', 'M', '', '', '', '', NULL),
(187, 'NGUNDU', 'LABE', 'LANZAM', 'M', 'B', '', '', '', NULL),
(188, 'NTUMBA', 'MISHOMA', '', 'F', 'B', '', '', '', NULL),
(189, 'TAMBWE', 'UTSHUDI', 'TRESOR', 'M', 'B', '', '', '', NULL),
(190, 'YEKWA', 'WAYANDIRI', '', 'M', '', '', '', '', NULL),
(191, 'CHIRIMWAMI', 'MUFUNGIZI', 'EZECHIEL', 'M', '', '', '', '', NULL),
(192, 'DWA', 'TE-VUNGBO', 'ELDRIDGE', 'M', '', '', '', '', NULL),
(193, 'KAKINA', 'MAKIESE', '', 'M', '', '', '', '', NULL),
(194, 'MAMBU', 'KIPULU', '', 'M', '', '', '', '', NULL),
(195, 'MPEMBA', 'KALOMBO', 'RACHEL', 'F', '', '', '', '', NULL),
(196, 'MUTATSH', 'YAV', 'ELISÉE', '', '', '', '', '', NULL),
(197, 'OSOBO', 'MUPEPELE', 'ANGE', 'M', '', '', '', '', NULL),
(198, 'BASEMENANE', 'ASHA', 'VICTORIA', 'F', '', '', '', '', NULL),
(199, 'BENA', 'ZOLA', 'DIEU-BENI', 'M', '', '', '', '', NULL),
(200, 'CIBEMBE', 'MWIMANA', '', 'M', '', '', '', '', NULL),
(201, 'KALEMBA', 'KUANZAMBI', '', 'M', 'B', '', '', '', NULL),
(202, 'KALENDA', 'MBAYO', '', '', '', '', '', '', NULL),
(203, 'KANDOLO', 'MAWAZO', 'LUCIE', 'F', '', '', '', '', NULL),
(204, 'KANGA', 'KAKULUNGOMA', 'JONATHAN', 'M', '', '', '', '', NULL),
(205, 'KANKE', 'KASEBA', 'JUNIOR', 'M', '', '', '', '', NULL),
(206, 'LUSAKUENO', 'KIANZAMBI', 'PERSIDE', 'F', '', '', '', '', NULL),
(207, 'LUZOLO', 'JEREMIE', '', 'M', '', '', '', '', NULL),
(208, 'MAKENENE', 'LUKAU', 'EPAPHRAS', 'M', '', '', '', '', NULL),
(209, 'MAKULA', 'SIKI', '', 'M', '', '', '', '', NULL),
(210, 'MATIA', 'KANGONI', 'SAMUEL', 'M', '', '', '', '', NULL),
(211, 'MATUMBA', 'KANIKI', '', 'M', '', '', '', '', NULL),
(212, 'MAZONO', 'KAPALA', 'HARDY', 'M', '', '', '', '', NULL),
(213, 'MBAYA', 'MUTOKA', '', 'M', '', '', '', '', NULL),
(214, 'MUJINGA', 'KAJOBA', 'PRODIGE', 'F', '', '', '', '', NULL),
(215, 'MUKAMBA', 'KASEKE', 'LUC', 'M', '', '', '', '', NULL),
(216, 'MUYAYA', 'ETIENNE', '', 'M', '', '', '', '', NULL),
(217, 'TSHIMANKINDA', 'MUKADI', '', 'M', '', '', '', '', NULL),
(218, 'BOKULINGINYA', 'NGEBE', '', 'M', '', '', '', '', NULL),
(219, 'BOWAYE', 'BOMBALE', 'PERCIDE', 'F', '', '', '', '', NULL),
(220, 'EBWA', 'AMAMBU', '', '', '', '', '', '', NULL),
(221, 'EKAKA', 'ELPELETTE', 'DON’EL', 'F', '', '', '', '', NULL),
(222, 'ELIE', 'SHINDANO', 'ALBERT', 'M', '', '', '', '', NULL),
(223, 'FURAHISHA', 'BAHEKELWA', 'KEVIN', 'M', '', '', '', '', NULL),
(224, 'KAMBALE', 'NZEGHO Y’ISE', 'FRESNEL', 'M', '', '', '', '', NULL),
(225, 'KASEYA', 'KANGELA', '', 'M', '', '', '', '', NULL),
(226, 'KIPIMBA', 'MAYELE', 'MICHEE', 'M', '', '', '', '', NULL),
(227, 'KOBANGE', 'WANGBAO', 'OBED', 'M', '', '', '', '', NULL),
(228, 'KUKUPULA', 'GAVUNGA-PHATA', '', 'M', '', '', '', '', NULL),
(229, 'LUYANTIKU', 'GEORGES', '', 'M', '', '', '', '', NULL),
(230, 'MAKAM', 'SAMEN', 'SAMUEL', 'M', '', '', '', '', NULL),
(231, 'MALAMU', 'MUTOMBO', 'VICTOR', 'M', 'B', '', '', '', NULL),
(232, 'MALEKA', 'NKUMU', '', 'M', '', '', '', '', NULL),
(233, 'MASENGU', 'ILUNGA', 'MELANIE', 'F', '', '', '', '', NULL),
(234, 'MONTOKO', 'EKANDO', 'LAVODI', 'M', '', '', '', '', NULL),
(235, 'MUKAYA', 'UTEKIN', 'JOSEPH', 'M', '', '', '', '', NULL),
(236, 'MUKENGE', 'BAKADIONA', '', '', '', '', '', '', NULL),
(237, 'MUNZUMBU', 'ANDRE', '', 'M', '', '', '', '', NULL),
(238, 'MWAMBA', 'LUKETA', '', 'M', '', '', '', '', NULL),
(239, 'PANGOLA', 'BANKANDJA', 'SAMUEL', '', '', '', '', '', NULL),
(240, 'YOGOLELO', 'LUBUMBA', 'GEMIMA', 'F', 'B', '', '', '', NULL),
(241, 'ADRIEN', 'DJUMA', '', '', '', '', '', '', NULL),
(242, 'AKSANTI', 'BADESIRE', '', '', '', '', '', '', NULL),
(243, 'ALI', 'RAJUBU', '', '', '', '', '', '', NULL),
(244, 'ALIKA', 'RUSIZE', '', '', '', '', '', '', NULL),
(245, 'BALU', 'TSAKALA', '', '', '', '', '', '', NULL),
(246, 'BAMPIRE', 'NGABO', '', '', '', '', '', '', NULL),
(247, 'BANINGIME', 'IPAN', '', '', '', '', '', '', NULL),
(248, 'BATANYAMI', 'MONGA', '', '', '', '', '', '', NULL),
(249, 'BONKAW', 'IMEYA', '', '', '', '', '', '', NULL),
(250, 'BOSALA', 'AKOSWA', '', '', '', '', '', '', NULL),
(251, 'BOSOLINDO', 'EDHIENGENE', '', '', '', '', '', '', NULL),
(252, 'BOTUNA', 'NYAMPAMBA', '', '', '', '', '', '', NULL),
(253, 'DIBA', 'TSHIBANDA', '', '', '', '', '', '', NULL),
(254, 'DUNGU', 'DJEMA', '', '', '', '', '', '', NULL),
(255, 'EBONDO', 'MUDIMBIYI', '', '', '', '', '', '', NULL),
(256, 'EKONDO', 'OTSHUDI', '', '', '', '', '', '', NULL),
(257, 'ELOMBO', 'ILIMBI', '', '', '', '', '', '', NULL),
(258, 'ELUMBA', 'NTOLOKA', '', '', '', '', '', '', NULL),
(259, 'ESAFE', 'ISIMO', '', '', '', '', '', '', NULL),
(260, 'GANEFU', 'TATA', '', '', '', '', '', '', NULL),
(261, 'HABAMUNGU', 'LUGAMBA', 'CHRINOVIC', '', '', '', '', '', NULL),
(262, 'IBUNA', 'IKOLE', '', '', '', '', '', '', NULL),
(263, 'ILIABA', 'MOKWA', '', '', '', '', '', '', NULL),
(264, 'ILUNGA', 'ILUNGA', '', '', '', '', '', '', NULL),
(265, 'JOSUE', 'SANVURA', '', '', '', '', '', '', NULL),
(266, 'KABADIATI', 'KAYEYE', '', '', '', '', '', '', NULL),
(267, 'KABEYA', 'BUADIA', 'BUKOLE', '', '', '', '', '', NULL),
(268, 'KABONGO', 'MUKENDI', '', '', '', '', '', '', NULL),
(269, 'KABONGO', 'NGOY', '', '', '', '', '', '', NULL),
(270, 'KAKULE', 'MBALIMBALI', '', '', '', '', '', '', NULL),
(271, 'KALALA', 'KALOMBO', '', '', '', '', '', '', NULL),
(272, 'KALALA', 'NGALAMULUME', '', '', '', '', '', '', NULL),
(273, 'KALENDA', 'NTUMBA', '', '', '', '', '', '', NULL),
(274, 'KALOMBO', 'MUKANYA', '', '', '', '', '', '', NULL),
(275, 'KALONJI', 'MBUYI', '', '', '', '', '', '', NULL),
(276, 'KAMBA', 'MUTOMBO', '', '', '', '', '', '', NULL),
(277, 'KAMBALE', 'LWANZO', '', '', '', '', '', '', NULL),
(278, 'KAMERHE', 'KAZIGE', '', '', '', '', '', '', NULL),
(279, 'KANKONDE', 'KANKONDE', '', '', '', '', '', '', NULL),
(280, 'KANKU', 'KANKU', 'PRISCILLE', '', '', '', '', '', NULL),
(281, 'KANYINDA', 'KANDOLO', '', '', '', '', '', '', NULL),
(282, 'KAPENA', 'KALALA', '', '', '', '', '', '', NULL),
(283, 'KAPITEN', 'DUMI', '', '', '', '', '', '', NULL),
(284, 'KASENGA', 'ECHA', '', '', '', '', '', '', NULL),
(285, 'KATSUVA', 'DUNIA', '', '', '', '', '', '', NULL),
(286, 'KIBWATIAKA', 'MALASY', '', '', '', '', '', '', NULL),
(287, 'KIMBOKO', 'MFUILA', '', '', '', '', '', '', NULL),
(288, 'KIMINU', 'TEMBO', '', '', '', '', '', '', NULL),
(289, 'KITANSI', 'MUKARANTAL', '', '', '', '', '', '', NULL),
(290, 'KITIAKA', 'MBUNGU', 'MORINA', '', '', '', '', '', NULL),
(291, 'KOKULE', 'MISANU', '', '', '', '', '', '', NULL),
(292, 'KOMBE', 'LONJI', '', '', '', '', '', '', NULL),
(293, 'KOMEZUNDA', 'NYOMBIYORO', '', '', '', '', '', '', NULL),
(294, 'KUYIBUKILA', 'MWANA', 'NGOMBO', '', '', '', '', '', NULL),
(295, 'LAKUNGU', 'MUPANDEKE', '', '', '', '', '', '', NULL),
(296, 'LEMBA', 'BALENGA', '', '', '', '', '', '', NULL),
(297, 'LIAKI', 'L’AMBOKA', '', '', '', '', '', '', NULL),
(298, 'LISEYI', 'MOKUBA', '', '', '', '', '', '', NULL),
(299, 'LUBEYA', 'HENRIETTE', '', '', '', '', '', '', NULL),
(300, 'LUFULUABO', 'TSHIMANKINDA', '', '', '', '', '', '', NULL),
(301, 'LUMU', 'KAMBALA', '', '', '', '', '', '', NULL),
(302, 'LUSAKUMUNU', 'MAMUINI', '', '', '', '', '', '', NULL),
(303, 'LUYEYE', 'LUSADISU', '', '', '', '', '', '', NULL),
(304, 'MADIHANO', 'MUGISHO', '', '', '', '', '', '', NULL),
(305, 'MAKALANGA', 'LAY', '', '', '', '', '', '', NULL),
(306, 'MAKIANA', 'PANDA', '', '', '', '', '', '', NULL),
(307, 'MAKUMBU', 'N’SUNGI', '', '', '', '', '', '', NULL),
(308, 'MAMBU', 'NLANDU', '', '', '', '', '', '', NULL),
(309, 'MANSIANGI', 'MANKADI', '', '', '', '', '', '', NULL),
(310, 'MASUNGA', 'MBUTU', '', '', '', '', '', '', NULL),
(311, 'MATAFARI', 'JEAN', 'BENI', '', '', '', '', '', NULL),
(312, 'MATONDO', 'NSENGA', '', '', '', '', '', '', NULL),
(313, 'MBAMBALI', 'KONGBO', '', '', '', '', '', '', NULL),
(314, 'MBEY', 'MAKAMBO', '', '', '', '', '', '', NULL),
(315, 'MBULU', 'LUMPUNGU', '', '', '', '', '', '', NULL),
(316, 'MITONDO', 'MOLONGI', '', '', '', '', '', '', NULL),
(317, 'MOUSSA', 'BAYABO', '', '', '', '', '', '', NULL),
(318, 'MPONGI', 'LIEMA', '', '', '', '', '', '', NULL),
(319, 'MPUTU', 'BONYA', '', '', '', '', '', '', NULL),
(320, 'MUFWAR', 'VAN', 'WEY', '', '', '', '', '', NULL),
(321, 'MUGANGU', 'WANY', '', '', '', '', '', '', NULL),
(322, 'MUKADI', 'KAZADI', '', '', '', '', '', '', NULL),
(323, 'MUKENGE', 'KOLM', '', '', '', '', '', '', NULL),
(324, 'MUKOKO', 'NZINDE', '', '', '', '', '', '', NULL),
(325, 'MULUMBA', 'BADIKADILE', '', '', '', '', '', '', NULL),
(326, 'MULUMBA', 'KAMUANGA', '', '', '', '', '', '', NULL),
(327, 'MUSESA', 'JOSMY', '', '', '', '', '', '', NULL),
(328, 'MUTOTO', 'NZENZA', 'NZENZA', '', '', '', '', '', NULL),
(329, 'NGALULA', 'KALEKELE', '', '', '', '', '', '', NULL),
(330, 'NKIADIASIVI', 'NZOLA', '', '', '', '', '', '', NULL),
(331, 'NSIYENE', 'AWALIYO', '', '', '', '', '', '', NULL),
(332, 'NUKUESE', 'NGONGO', '', '', '', '', '', '', NULL),
(333, 'NZAJI', 'KALALA', '', '', '', '', '', '', NULL),
(334, 'NZIBA', 'ABIOLA', '', '', '', '', '', '', NULL),
(335, 'NZITISI', 'NTANGUAMPEVE', '', '', '', '', '', '', NULL),
(336, 'OSHIKANA', 'MAPANZA', '', '', '', '', '', '', NULL),
(337, 'PHUABU', 'MUKONKOLE', '', '', '', '', '', '', NULL),
(338, 'SANGA', 'BIVANGA', '', '', '', '', '', '', NULL),
(339, 'SIDI', 'PEMBA', '', '', '', '', '', '', NULL),
(340, 'SIMBA', 'MASABUKA', '', '', '', '', '', '', NULL),
(341, 'TAMBANA', 'ADEKAMI', '', '', '', '', '', '', NULL),
(342, 'TEHUNE', 'MBOMBA', 'DIVINE', '', '', '', '', '', NULL),
(343, 'TSHIBANG-A-NZENG', '', '', '', '', '', '', '', NULL),
(344, 'TSHIMANGA', 'KABANZA', '', '', '', '', '', '', NULL),
(345, 'TSHIONYI', 'MBUYI', '', '', '', '', '', '', NULL),
(346, 'TUKUZU', 'MUMBALA', '', '', '', '', '', '', NULL),
(347, 'TUPEMUNI', 'KALONJI', '', '', '', '', '', '', NULL),
(348, 'VAGHENI', 'MUHASA', '', '', '', '', '', '', NULL),
(349, 'VITA', 'DALA', '', '', '', '', '', '', NULL),
(350, 'ZONGAYA', 'NGAMBIKA', '', '', '', '', '', '', NULL),
(351, 'AKAMBA', 'MANDOKA', '', '', '', '', '', '', NULL),
(352, 'ALIMASI', 'NGOMANGEZI', '', '', '', '', '', '', NULL),
(353, 'AMURI', 'KILOSO', '', 'M', '', '', '', '', NULL),
(354, 'ASIMWE', 'BARAKA', 'David', 'M', '', '', '', '', NULL),
(355, 'ATWIVANGANA', 'Exaucé', 'Kevin', 'M', '', '', '', '', NULL),
(356, 'BAHATI', 'MULIRO', '', 'F', '', '', '', '', NULL),
(357, 'BAKER', 'TIANYA', 'Aimée', '', '', '', '', '', NULL),
(358, 'BAPANGA', 'KALALA', 'Blaise', 'M', '', '', '', '', NULL),
(359, 'BARUTI', 'LUKANZA', '', '', '', '', '', '', NULL),
(360, 'BASAKE', 'KALEMA', '', '', '', '', '', '', NULL),
(361, 'BASEZA', 'ZAMUNDU', '', 'F', '', '', '', '', NULL),
(362, 'BEKI', 'MFUMU', '', '', '', '', '', '', NULL),
(363, 'BELESI', 'MUNDANI', '', 'M', '', '', '', '', NULL),
(364, 'BELO', 'BARUTI', '', '', '', '', '', '', NULL),
(365, 'BENTELE', 'KASUTA', '', 'M', '', '', '', '', NULL),
(366, 'BINYANGI', 'TAKAISI', '', 'M', '', '', '', '', NULL),
(367, 'BIPALA', 'BERTIN', '', '', '', '', '', '', NULL),
(368, 'BIRHASHWIRA', 'MUGARUKA', '', 'M', '', '', '', '', NULL),
(369, 'BISAMBU', 'FURAH', '', 'F', '', '', '', '', NULL),
(370, 'BISIMWA', 'MALYAMUNGU', '', 'M', '', '', '', '', NULL),
(371, 'BOFENDA', 'MOLEKO', '', '', '', '', '', '', NULL),
(372, 'BOKOLOKO', 'WANGELO', '', '', '', '', '', '', NULL),
(373, 'BONGONDO', 'KITAMBALA', '', 'M', '', '', '', '', NULL),
(374, 'BONSUKA', 'MAKOY', '', '', '', '', '', '', NULL),
(375, 'BOOTO', 'YEKINDA', '', 'F', '', '', '', '', NULL),
(376, 'BOTELO', 'NSIMBA', '', 'M', '', '', '', '', NULL),
(377, 'BOTUWA', 'BANYELE', 'Aaron', 'M', '', '', '', '', NULL),
(378, 'BOWA', 'MERVEILLE', '', 'F', '', '', '', '', NULL),
(379, 'BUBANJI', 'KADISHA', 'Rehoboth', 'M', '', '', '', '', NULL),
(380, 'BUEKE', 'MAÏNGOLO', '', 'M', '', '', '', '', NULL),
(381, 'BUKANGA', 'NZIMA', 'Christone', 'M', '', '', '', '', NULL),
(382, 'BUTINDI', 'BAKISI', 'Daniella', 'F', '', '', '', '', NULL),
(383, 'BWITA', 'BWITA', 'KINDENDE', '', '', '', '', '', NULL),
(384, 'BYAMUNGU', 'IMMACULEE', 'Maria', 'F', '', '', '', '', NULL),
(385, 'CHRISMELAH', 'MUTAY', '', '', '', '', '', '', NULL),
(386, 'DARABU', 'LUBINGA', '', 'M', '', '', '', '', NULL),
(387, 'DIANA', 'LUTUMBA', '', '', '', '', '', '', NULL),
(388, 'DIBETI', 'DIAKESE', '', 'M', '', '', '', '', NULL),
(389, 'DIENZE', 'PUATI', '', '', '', '', '', '', NULL),
(390, 'DIESSE', 'KALUSOKOMA', '', 'F', '', '', '', '', NULL),
(391, 'DINANGA', 'KAMANGA', 'Christ', 'M', '', '', '', '', NULL),
(392, 'DIZOLELE', 'LUBINI', '', 'M', '', '', '', '', NULL),
(393, 'DJANGA', 'EKANGA', '', '', '', '', '', '', NULL),
(394, 'DRILEBASI', 'KALYA', 'Jonathan', 'M', '', '', '', '', NULL),
(395, 'EKASONI', 'BALOLO', '', 'M', '', '', '', '', NULL),
(396, 'ELINGA', 'NZAU', '', '', '', '', '', '', NULL),
(397, 'EMA', 'OKONGO', '', '', '', '', '', '', NULL),
(398, 'EPENGE', 'CHAKAMBOLO', '', '', '', '', '', '', NULL),
(399, 'FOFOLO', 'MUZINGA', '', 'M', '', '', '', '', NULL),
(400, 'FWAN', 'KALEND', '', '', '', '', '', '', NULL),
(401, 'GBEDE', 'BOMANGA', '', 'M', '', '', '', '', NULL),
(402, 'GIDINDA', 'NGANGU', '', '', '', '', '', '', NULL),
(403, 'GIZE', 'YONGO', 'Joseph', '', '', '', '', '', NULL),
(404, 'HAMULI', 'DANIEL', '', '', '', '', '', '', NULL),
(405, 'IDIABA', 'MUPEYA', 'Christine', 'F', '', '', '', '', NULL),
(406, 'IKETE', 'BOSOSA', '', 'M', '', '', '', '', NULL),
(407, 'ILUNGA', 'TSHIMPAKA', '', '', '', '', '', '', NULL),
(408, 'IRAGI', 'SINDANI', '', '', '', '', '', '', NULL),
(409, 'IYANZA', 'NKOY', '', 'M', '', '', '', '', NULL),
(410, 'KABASEKE', 'JIJU', 'BESI', 'M', '', '', '', '', NULL),
(411, 'KABASELE', 'MUNTU', '', 'M', '', '', '', '', NULL),
(412, 'KABAYO', 'MUKANGE', '', '', '', '', '', '', NULL),
(413, 'KABENGELE', 'MUDINGAY', '', '', '', '', '', '', NULL),
(414, 'KABU', 'KALONJI', '', '', '', '', '', '', NULL),
(415, 'KADISHA', 'SHAMBUYI', '', 'M', '', '', '', '', NULL),
(416, 'KAKUDJI', 'KAMANDA', 'Paul', 'M', '', '', '', '', NULL),
(417, 'KALENGULA', 'WA', 'KALENGULA', '', '', '', '', '', NULL),
(418, 'KALOMBO', 'KABEYA', 'Glory', '', '', '', '', '', NULL),
(419, 'KALONJI', 'KAZADI', 'Israel', 'M', '', '', '', '', NULL),
(420, 'KALUMBA', 'MUKEBA', '', 'M', '', '', '', '', NULL),
(421, 'KALUNGA', 'Don de Dieu', '', 'M', '', '', '', '', NULL),
(422, 'KAMA', 'MEKANDA', 'Deborah', 'F', '', '', '', '', NULL),
(423, 'KAMANGO', 'WALIZANDE', '', 'F', '', '', '', '', NULL),
(424, 'KAMBAKAMBA', 'KAMBAKAMBA', '', 'M', '', '', '', '', NULL),
(425, 'KAMBONDE', 'KANGA', '', '', '', '', '', '', NULL),
(426, 'KANIKI', 'KABALA', '', 'M', '', '', '', '', NULL),
(427, 'KANKONDE', 'MUDIBU', '', 'M', '', '', '', '', NULL),
(428, 'KANKU', 'NDIBU', '', '', '', '', '', '', NULL),
(429, 'KAPUILA', 'NGOLU', '', 'M', '', '', '', '', NULL),
(430, 'KASAY', 'MAKOY', '', 'M', '', '', '', '', NULL),
(431, 'KASENGA', 'MBELETSHI', 'Ben', 'M', '', '', '', '', NULL),
(432, 'KASEREKA', 'NGUOMOJA', '', '', '', '', '', '', NULL),
(433, 'KASONGO', 'LUZOLO', '', 'M', '', '', '', '', NULL),
(434, 'KATALAY', 'HENOCK', '', 'M', '', '', '', '', NULL),
(435, 'KATANGA', 'SOMBILA', '', 'M', '', '', '', '', NULL),
(436, 'KATI', 'ZIMUANGANA', '', '', '', '', '', '', NULL),
(437, 'KATOMB', 'MUSAU', '', 'M', '', '', '', '', NULL),
(438, 'KATOMPO', 'BRANHAM', '', 'M', '', '', '', '', NULL),
(439, 'KATUALA', 'NDAYA', '', '', '', '', '', '', NULL),
(440, 'KIESE', 'MBEMBA', '', '', '', '', '', '', NULL),
(441, 'KIKOMO', 'BENDE', '', 'M', '', '', '', '', NULL),
(442, 'KILUMU', 'ALUNGWA', '', '', '', '', '', '', NULL),
(443, 'KINSAMA', 'LUKIFIMPA', '', '', '', '', '', '', NULL),
(444, 'KINSIAMA', 'MASELA', '', '', '', '', '', '', NULL),
(445, 'KIPULU', 'KALEMA', '', 'M', '', '', '', '', NULL),
(446, 'KISALA', 'MOKONZI', '', 'M', '', '', '', '', NULL),
(447, 'KITAKA', 'NGANGALA', '', '', '', '', '', '', NULL),
(448, 'KITE', 'FURAYI', '', '', '', '', '', '', NULL),
(449, 'KITENGE', 'PANU', '', 'M', '', '', '', '', NULL),
(450, 'KOGENAGO', 'MBEMBO', '', 'M', '', '', '', '', NULL),
(451, 'KOMBE', 'KUMUNA', '', 'M', '', '', '', '', NULL),
(452, 'KOMBELE', 'LUSAMBA', '', '', '', '', '', '', NULL),
(453, 'KONGOLO', 'LUKUSA', '', '', '', '', '', '', NULL),
(454, 'KONGOLO', 'TWITE', '', '', '', '', '', '', NULL),
(455, 'KONSO KONSO', 'ILUA', 'Chris', 'M', '', '', '', '', NULL),
(456, 'KOPE', 'KENDEWA', '', '', '', '', '', '', NULL),
(457, 'KOYIBE', 'MOSUMA', 'Martin', 'M', '', '', '', '', NULL),
(458, 'KUIKUMBI', 'LONGIN', '', 'M', '', '', '', '', NULL),
(459, 'KWETE', 'TSHIMOWA', '', 'M', '', '', '', '', NULL),
(460, 'LAGALA', 'MBALI', 'Mabasse', 'M', '', '', '', '', NULL),
(461, 'LANDO', 'MIRINDI', '', 'M', '', '', '', '', NULL),
(462, 'LOBO', 'MIKOBI', '', '', '', '', '', '', NULL),
(463, 'LOEMBA', 'BENTO', '', '', '', '', '', '', NULL),
(464, 'LOHOSE', 'OTHEMANYO', '', '', '', '', '', '', NULL),
(465, 'LOMAMI', 'MANDIANGU', '', '', '', '', '', '', NULL),
(466, 'LOTETA', 'OKITO', '', '', '', '', '', '', NULL),
(467, 'LUABEYA', 'LUABEYA', 'Exauce', 'M', '', '', '', '', NULL),
(468, 'LUBANZA', 'NDUNGUNU', '', '', '', '', '', '', NULL),
(469, 'LUBOTSHA', 'MWADIAMVITA', '', '', '', '', '', '', NULL),
(470, 'LUKOBO', 'MUDEKEREZA', '', 'M', '', '', '', '', NULL),
(471, 'LUMFUANKENDA', 'KATUMANI', '', '', '', '', '', '', NULL),
(472, 'LUSALA', 'NSINGA', '', '', '', '', '', '', NULL),
(473, 'LUZAYADIO', 'KIALA', 'MANU', '', '', '', '', '', NULL),
(474, 'MAELE', 'MANGWUEL', '', '', '', '', '', '', NULL),
(475, 'MAFUMBA', 'YAN', '', 'M', '', '', '', '', NULL),
(476, 'MAFUTA', 'IFANGOSO', 'Therese', 'F', '', '', '', '', NULL),
(477, 'MAFUTA', 'MBANGU', 'Jean Jacques', 'M', '', '', '', '', NULL),
(478, 'MAKIESE', 'LUTETE', 'Grace', '', '', '', '', '', NULL),
(479, 'MAKOSI', 'KAMBAMBA', '', '', '', '', '', '', NULL),
(480, 'MAKUMA', 'KATANGA', '', 'M', '', '', '', '', NULL),
(481, 'MALABA', 'NSUMPI', '', '', '', '', '', '', NULL),
(482, 'MALABISA', 'KIWAKA', '', '', '', '', '', '', NULL),
(483, 'MALENGE', 'DAMEKA', '', 'F', '', '', '', '', NULL),
(484, 'MALUKU', 'MOHILA', '', '', '', '', '', '', NULL),
(485, 'MAMBO', 'MULUMBA', '', 'M', '', '', '', '', NULL),
(486, 'MANASI', 'KITOKO', '', '', '', '', '', '', NULL),
(487, 'MANGOY', 'MUFITA', '', 'M', '', '', '', '', NULL),
(488, 'MANIANGA', 'NGAWA', '', 'M', '', '', '', '', NULL),
(489, 'MANKAKA', 'NGIKA', '', 'M', '', '', '', '', NULL),
(490, 'MANTEZILA', 'ELENGESA', '', 'M', '', '', '', '', NULL),
(491, 'MANZE', 'NGONDILI', '', '', '', '', '', '', NULL),
(492, 'MANZUNGILA', 'MAMBULU', '', '', '', '', '', '', NULL),
(493, 'MAPASA', 'BITUMBU', '', 'M', '', '', '', '', NULL),
(494, 'MASAMBA', 'MPAKA', 'Yoka', 'M', '', '', '', '', NULL),
(495, 'MASUKU', 'MALUTY', '', 'M', '', '', '', '', NULL),
(496, 'MASUMBUKO', 'YOHARI', '', 'F', '', '', '', '', NULL),
(497, 'MATANDA', 'NZUNGA', '', '', '', '', '', '', NULL),
(498, 'MATONDO', 'MATONDO', 'Israel', 'M', '', '', '', '', NULL),
(499, 'MATUMONA', 'MBOUSSA', 'Gael', 'M', '', '', '', '', NULL),
(500, 'MAVANGA', 'MULOLUKONDJI', '', '', '', '', '', '', NULL),
(501, 'MAVUNGU', 'KYRIA', 'Solange', 'F', '', '', '', '', NULL),
(502, 'MAYIGU', 'MUKEDI', '', '', '', '', '', '', NULL),
(503, 'MAYOKE', 'BOLUNZA', 'Lambert', 'M', '', '', '', '', NULL),
(504, 'MAYUBA', 'DIMBU', '', '', '', '', '', '', NULL),
(505, 'MBAKWA', 'LUBONO', '', '', '', '', '', '', NULL),
(506, 'MBALA', 'OKITO', 'Junior', 'M', '', '', '', '', NULL),
(507, 'MBALO', 'MAMBO', '', 'M', '', '', '', '', NULL),
(508, 'MBAMUTIA', 'KEMBO', '', '', '', '', '', '', NULL),
(509, 'MBIKAYI', 'KAMWANYA', '', '', '', '', '', '', NULL),
(510, 'MBIYA', 'NKOLE', '', '', '', '', '', '', NULL),
(511, 'MBOMA', 'GASPARD', '', 'M', '', '', '', '', NULL),
(512, 'MBOMA', 'KAWULU', '', '', '', '', '', '', NULL),
(513, 'MBONZI', 'NKUNDA', 'Thomas', 'M', '', '', '', '', NULL),
(514, 'MBUMBA', 'MBADU', '', '', '', '', '', '', NULL),
(515, 'MBUMBA', 'MBUMBA', '', '', '', '', '', '', NULL),
(516, 'MBUYI', 'NDIBU', '', '', '', '', '', '', NULL),
(517, 'MBUYI', 'TSHIMANGA', '', '', '', '', '', '', NULL),
(518, 'MEBA', 'KALONDA', '', '', '', '', '', '', NULL),
(519, 'MEBA', 'MANGENDA', '', '', '', '', '', '', NULL),
(520, 'MENGA', 'MENGA', '', 'M', '', '', '', '', NULL),
(521, 'MESENGE', 'KALEBE', 'Moise', 'M', '', '', '', '', NULL),
(522, 'META', 'KABAMBA', 'Ligth', '', '', '', '', '', NULL),
(523, 'MIAKANDA', 'SEFI', '', '', '', '', '', '', NULL),
(524, 'MIMBOLO', 'KAPAY', '', '', '', '', '', '', NULL),
(525, 'MIMBU', 'MUTORA', 'Godefroid', 'M', '', '', '', '', NULL),
(526, 'MISEYA', 'KABULU', '', '', '', '', '', '', NULL),
(527, 'MOFONGA', 'MONGENGO', '', '', '', '', '', '', NULL),
(528, 'MOKANGA', 'MATAKA', 'Alfred', '', '', '', '', '', NULL),
(529, 'MOKE', 'NKOSI', '', 'M', '', '', '', '', NULL),
(530, 'MOLEME', 'NDUKTAR', '', '', '', '', '', '', NULL),
(531, 'MONZOTO', 'BALEKA', '', '', '', '', '', '', NULL),
(532, 'MOTOKWA', 'DIDO', 'Samuel', '', '', '', '', '', NULL),
(533, 'MOUMBOU', 'ELEAZAR', '', '', '', '', '', '', NULL),
(534, 'MPAKA', 'NKEMBO', '', 'M', '', '', '', '', NULL),
(535, 'MPANDU', 'KIESE', 'Jodiv', 'M', '', '', '', '', NULL),
(536, 'MPIA', 'NKULI', 'Elie', '', '', '', '', '', NULL),
(537, 'MPIA', 'VOVO', '', 'M', '', '', '', '', NULL),
(538, 'MPUTU', 'TSHIPUISHI', 'Christian', 'M', '', '', '', '', NULL),
(539, 'MUALUNDU', 'GLOIRE', '', 'M', '', '', '', '', NULL),
(540, 'MUAMBANZAMBI', 'JUDE', '', '', '', '', '', '', NULL),
(541, 'MUANDA', 'ZEBE', '', '', '', '', '', '', NULL),
(542, 'MUBILA', 'AWU', '', '', '', '', '', '', NULL),
(543, 'MUDINGA', 'KAZADI', '', '', '', '', '', '', NULL),
(544, 'MUKE', 'DAMBONGO', '', 'M', '', '', '', '', NULL),
(545, 'MUKENDI', 'MUEMBIA', '', 'M', '', '', '', '', NULL),
(546, 'MUKWALA', 'MASIMANGO', '', '', '', '', '', '', NULL),
(547, 'MULOMBA', 'TSHALA', '', '', '', '', '', '', NULL),
(548, 'MULONGO', 'TSHIKUTU', '', 'M', '', '', '', '', NULL),
(549, 'MULONGO', 'TULULA', '', '', '', '', '', '', NULL),
(550, 'MULUMBA', 'KALAMBAYI', 'Yves', 'M', '', '', '', '', NULL),
(551, 'MUNGIE', 'KAPAY', '', '', '', '', '', '', NULL),
(552, 'MUNTU', 'NEMWINE', '', '', '', '', '', '', NULL),
(553, 'MUSINGUZI', 'MBABAZI', 'Timothe', 'M', '', '', '', '', NULL),
(554, 'MUTEBA', 'BADIBANGA', '', 'M', '', '', '', '', NULL),
(555, 'MUTEBA', 'MUTOMBO', '', 'M', '', '', '', '', NULL),
(556, 'MUTOMBO', 'KAZADI', '', '', '', '', '', '', NULL),
(557, 'MWAMBA', 'BAKANA', 'Mike', 'M', '', '', '', '', NULL),
(558, 'MWAMBA', 'MUNTU', '', 'M', '', '', '', '', NULL),
(559, 'MWANGO', 'LIKOTO', '', '', '', '', '', '', NULL),
(560, 'MWEMBO', 'MWEMBO', '', '', '', '', '', '', NULL),
(561, 'NAHESI', 'AKIM', '', '', '', '', '', '', NULL),
(562, 'NAKAHOSA', 'NZAMBIWISHI', '', '', '', '', '', '', NULL),
(563, 'NDAKAZIEKA', 'GUDEMA', '', 'F', '', '', '', '', NULL),
(564, 'NDJONDO', 'NGENDJE', 'Lionel', '', '', '', '', '', NULL),
(565, 'NDUAYA', 'KONGOLO', 'Paratoxe', 'M', '', '', '', '', NULL),
(566, 'NGAKI', 'MUPATI', '', '', '', '', '', '', NULL),
(567, 'NGALAMULUME', 'TSHIMANGA', '', '', '', '', '', '', NULL),
(568, 'NGOLOSHANGA', 'KABASU', '', '', '', '', '', '', NULL),
(569, 'NGOMA', 'VANGU', '', 'M', '', '', '', '', NULL),
(570, 'NGOMBUA', 'DIVUANDA', 'Yann', '', '', '', '', '', NULL),
(571, 'NGONGO', 'ATOSHA', 'ASHA', '', '', '', '', '', NULL),
(572, 'NGOY', 'MULEMBUE', '', 'M', '', '', '', '', NULL),
(573, 'NGOYI', 'MOFENGE', '', '', '', '', '', '', NULL),
(574, 'NJIBA', 'WA', 'KAZADI', '', '', '', '', '', NULL),
(575, 'NKUBA', 'NAMWABA', '', 'M', '', '', '', '', NULL),
(576, 'NOTSHO', 'TOLEA', '', 'M', '', '', '', '', NULL),
(577, 'N\'SAMU', 'INTOLE', 'Samuel', '', '', '', '', '', NULL),
(578, 'NSENDA', 'KANDE', '', 'M', '', '', '', '', NULL),
(579, 'NSEYA', 'KABEYA', '', 'F', '', '', '', '', NULL),
(580, 'N\'SHIMA', 'TSHITENGE', '', 'M', '', '', '', '', NULL),
(581, 'NSIAMFUMU', 'MAYEMBA', '', '', '', '', '', '', NULL),
(582, 'NSIMBA', 'NGOMA', 'Whyati', 'M', '', '', '', '', NULL),
(583, 'NSINGANI', 'YANZAMBI', '', '', '', '', '', '', NULL),
(584, 'NTEMBO', 'EBANZA', '', 'M', '', '', '', '', NULL),
(585, 'NTIAKA', 'MUZAKWENE', '', 'M', '', '', '', '', NULL),
(586, 'NTOTO', 'THAMBA', 'Junior', 'M', '', '', '', '', NULL),
(587, 'NTSAMBI', 'MAYUBA', '', '', '', '', '', '', NULL),
(588, 'NTUMBA', 'CIBINDA', '', '', '', '', '', '', NULL),
(589, 'NTUMBA', 'MBAYA', '', '', '', '', '', '', NULL),
(590, 'NYAMI', 'MBUEBANGU', '', '', '', '', '', '', NULL),
(591, 'NYONGA', 'NYONGA', '', '', '', '', '', '', NULL),
(592, 'NZANZU', 'BONGOMA', 'Henri', 'M', '', '', '', '', NULL),
(593, 'NZEWE', 'MBAIMA', '', 'M', '', '', '', '', NULL),
(594, 'ODIA', 'KATAY', '', '', '', '', '', '', NULL),
(595, 'OKONDO', 'OLEMBO', 'Tharcisse', 'M', '', '', '', '', NULL),
(596, 'OLAME', 'KULIMUSHI', 'Arsene', 'M', '', '', '', '', NULL),
(597, 'OSEMBE', 'WEMAMBULU', '', '', '', '', '', '', NULL),
(598, 'OWANGA', 'ONONGA', '', 'F', '', '', '', '', NULL),
(599, 'PASIMESO', 'MEWA', '', 'M', '', '', '', '', NULL),
(600, 'PASU', 'MADONDA', '', '', '', '', '', '', NULL),
(601, 'POMBO', 'PADAME', 'Pat', '', '', '', '', '', NULL),
(602, 'SENGA', 'KAZADI', 'Joseph', 'M', '', '', '', '', NULL),
(603, 'SHABANI', 'LUBOYA', '', '', '', '', '', '', NULL),
(604, 'SHELELE', 'SHELELE', 'Albert', '', '', '', '', '', NULL),
(605, 'SHEROBO', 'BAGULE', '', '', '', '', '', '', NULL),
(606, 'SIMBI', 'MWAMBA', '', '', '', '', '', '', NULL),
(607, 'SIMBI', 'WAKIBAMBI', '', 'M', '', '', '', '', NULL),
(608, 'SINDANI', 'BENI', '', 'M', '', '', '', '', NULL),
(609, 'SUNKEYI', 'YEYU', 'Japhet', 'M', '', '', '', '', NULL),
(610, 'TATY', 'TSHIKA', '', '', '', '', '', '', NULL),
(611, 'TEKADIOWA', 'NSEMBOLO', 'Emmanuella', 'F', '', '', '', '', NULL),
(612, 'TETE', 'Exaucé', '', '', '', '', '', '', NULL),
(613, 'TOMBO', 'OBLAZI', '', '', '', '', '', '', NULL),
(614, 'TSAVA', 'MUANDA', '', '', '', '', '', '', NULL),
(615, 'TSHIASUMA', 'META', 'EXAUCE', '', '', '', '', '', NULL),
(616, 'TSHIBANGU', 'ILUNGA', '', 'M', '', '', '', '', NULL),
(617, 'TSHIBANGU', 'NGALAMULUME', '', '', '', '', '', '', NULL),
(618, 'TSHIBUMBA', 'KABANGA', 'Gradi', 'M', '', '', '', '', NULL),
(619, 'TSHIMANGA', 'NZONGOLA', '', 'M', '', '', '', '', NULL),
(620, 'TSHIMPANGA', 'TSHIMPANGA', '', 'M', '', '', '', '', NULL),
(621, 'TSHISHIMBI', 'MUSENGA', 'Moise', 'M', '', '', '', '', NULL),
(622, 'TSIMBA', 'MANIEMA', 'Miracle', '', '', '', '', '', NULL),
(623, 'TUAMBILE', 'BEYA', 'Beni', '', '', '', '', '', NULL),
(624, 'TULIZO', 'NAMIHABA', '', '', '', '', '', '', NULL),
(625, 'TWALA', 'KIBAY', '', '', '', '', '', '', NULL),
(626, 'VUTSOPIRE', 'NDOVYA', '', '', '', '', '', '', NULL),
(627, 'WASONGO', 'YANGA', 'Harmonie', 'F', '', '', '', '', NULL),
(628, 'WEMBOSHI', 'KATOKO', '', 'M', '', '', '', '', NULL),
(629, 'WENDO', 'LAKAN', '', '', '', '', '', '', NULL),
(630, 'WOLEANG', 'RAPH', '', '', '', '', '', '', NULL),
(631, 'WOZA', 'KUGERE', '', 'M', '', '', '', '', NULL),
(632, 'YAMALO', 'LINGANGIA', '', 'M', '', '', '', '', NULL),
(633, 'YANGANGIA', 'BASIALO', '', 'M', '', '', '', '', NULL),
(634, 'YANVUGA', 'MAYELA', 'MBOMA', '', '', '', '', '', NULL),
(635, 'YEWE', 'BANGANZOLO', '', '', '', '', '', '', NULL),
(636, 'YOGOLELO', 'MUKONGO', '', 'F', '', '', '', '', NULL),
(637, 'ZABALENGA', 'SADIKI', '', 'M', '', '', '', '', NULL),
(638, 'ZANGANGU', 'DIAKIESE', '', '', '', '', '', '', NULL),
(639, 'AKAYA', 'MABENGA', '', '', '', '', '', '', NULL),
(640, 'ALIMESI', 'YAMAYA', '', 'F', '', '', '', '', NULL),
(641, 'AMANI', 'BAZISHULA', '', '', '', '', '', '', NULL),
(642, 'ASSA', 'KATUNGA', '', '', '', '', '', '', NULL),
(643, 'BAKWELA', 'MAVAKALA', 'PAUL', 'M', '', '', '', '', NULL),
(644, 'BALUKA', 'ESUKE', '', 'M', '', '', '', '', NULL),
(645, 'BASOKO', 'DIAMBANA', '', 'M', '', '', '', '', NULL),
(646, 'BASOMBOLI', 'GEDIDIA', '', 'M', '', '', '', '', NULL),
(647, 'BAWABA', 'AKIEMANE', '', '', '', '', '', '', NULL),
(648, 'BEMBIDE', 'MBUTA', '', '', '', '', '', '', NULL),
(649, 'BIONGO', 'BALIMA', '', 'F', '', '', '', '', NULL),
(650, 'BOLINGA', 'ILUNGU', '', 'M', '', '', '', '', NULL),
(651, 'BONYENGA', 'NKUMANSE', '', 'M', '', '', '', '', NULL),
(652, 'BOSEMBA', 'ESIMBE', '', '', '', '', '', '', NULL),
(653, 'BUNDJEMBE', 'POLE-KWETE', '', 'M', '', '', '', '', NULL),
(654, 'CHON', 'MADA', 'SADO', '', '', '', '', '', NULL),
(655, 'DETO', 'LIMBAYA', '', 'M', '', '', '', '', NULL),
(656, 'EDIMBA', 'KAPENGA', '', 'M', '', '', '', '', NULL),
(657, 'ENANGA', 'DANIEL', '', 'M', '', '', '', '', NULL),
(658, 'ETENZA', 'MAKABA', '', '', '', '', '', '', NULL),
(659, 'GBOZO', 'ZOLIYA', '', 'M', '', '', '', '', NULL),
(660, 'GIKELEKELE', 'GINDUWA', '', 'M', '', '', '', '', NULL),
(661, 'ILA', 'MUIMBA', '', 'M', '', '', '', '', NULL),
(662, 'INKUNE', 'MBOYO', '', '', '', '', '', '', NULL),
(663, 'IRENGE', 'BAHIZIRE', '', '', '', '', '', '', NULL),
(664, 'JOSUE', 'LUBAMBO', '', 'M', '', '', '', '', NULL),
(665, 'KABONGO', 'KUPA', 'JOSEPH', '', '', '', '', '', NULL),
(666, 'KABUKU', 'NAKAMULA', '', 'M', '', '', '', '', NULL),
(667, 'KAKANDU', 'ALIMASI', '', '', '', '', '', '', NULL),
(668, 'KALONJI', 'KIMBA', '', 'M', '', '', '', '', NULL),
(669, 'KALOSO', 'BOLEMI', 'BEN', 'M', '', '', '', '', NULL),
(670, 'KAMBILO', 'BULE', '', '', '', '', '', '', NULL),
(671, 'KAMBOMA', 'NDALA', '', 'M', '', '', '', '', NULL),
(672, 'KAMONU', 'KASASA', '', 'F', '', '', '', '', NULL),
(673, 'KAMUABU', 'MBUYAMBA', '', '', '', '', '', '', NULL),
(674, 'KAMWENA', 'KATAKU', '', '', '', '', '', '', NULL),
(675, 'KANANGA', 'KABANGA', '', 'M', '', '', '', '', NULL),
(676, 'KANYINDA', 'ILUNGA', 'JOHN', 'M', 'B', '', '', '', NULL),
(677, 'KASEYA', 'KANGELA', '', 'M', '', '', '', '', NULL),
(678, 'KASHALA', 'KASHALA', '', 'M', '', '', '', '', NULL),
(679, 'KASONGO', 'MUKANGU', '', 'M', '', '', '', '', NULL),
(680, 'KAYIBA', 'MADIMBA', '', '', '', '', '', '', NULL),
(681, 'KIAKANUA', 'DIVEZUANGA', '', 'M', '', '', '', '', NULL),
(682, 'KIALA', 'MALUNDU', '', 'M', '', '', '', '', NULL),
(683, 'KIAMVU', 'BAKEBIDIO', '', '', '', '', '', '', NULL),
(684, 'KIESE', 'KIAMABIKA', '', '', '', '', '', '', NULL),
(685, 'KILONGO', 'MILALA', '', 'M', '', '', '', '', NULL),
(686, 'KISELE', 'KAKWENI', '', '', '', '', '', '', NULL),
(687, 'KISENE', 'KIKALULU', '', '', '', '', '', '', NULL),
(688, 'KUNDA', 'KINDOMBE', '', 'M', '', '', '', '', NULL),
(689, 'LIWOSO', 'BOKANYA', '', '', '', '', '', '', NULL),
(690, 'LONJI', 'YANGA', '', 'M', '', '', '', '', NULL),
(691, 'LUKOKI', 'MINU', '', '', '', '', '', '', NULL),
(692, 'LUVUEZO', 'MAVANGU', '', 'M', '', '', '', '', NULL),
(693, 'MAKWAYA', 'LILELE', '', 'M', '', '', '', '', NULL),
(694, 'MALOJI', 'MUKENDI', '', '', '', '', '', '', NULL),
(695, 'MASASA', 'KALIFENE', '', '', '', '', '', '', NULL),
(696, 'MASINI', 'BUNDU', '', '', '', '', '', '', NULL),
(697, 'MATADI', 'SIMWEY', '', '', '', '', '', '', NULL),
(698, 'MAVUBA', 'KALUNGA', '', 'M', '', '', '', '', NULL),
(699, 'MAYALA', 'NKANGU', '', 'M', '', '', '', '', NULL),
(700, 'MAZOMBE', 'FURA', '', 'M', '', '', '', '', NULL),
(701, 'MBANZAMI', 'MBIMI', '', 'M', '', '', '', '', NULL),
(702, 'MBONGO', 'BENEDICTE', '', '', '', '', '', '', NULL),
(703, 'MBUKELA', 'MATUNU', '', 'M', '', '', '', '', NULL),
(704, 'MBULA', 'EKE', '', '', '', '', '', '', NULL),
(705, 'MBUMBA', 'MBUMBA', '', '', '', '', '', '', NULL),
(706, 'MBWEDILA', 'NGOY', '', 'M', '', '', '', '', NULL),
(707, 'MILAMBA', 'ADZILEBUN', '', '', '', '', '', '', NULL),
(708, 'MITANO', 'MONZOMBO', '', 'M', 'B', '', '', '', NULL),
(709, 'MOSUKA', 'MOSUKA', 'ALAIN', 'M', '', '', '', '', NULL),
(710, 'MPIKU', 'KUSALA', '', 'M', '', '', '', '', NULL),
(711, 'MPOLO', 'KABEY', '', '', '', '', '', '', NULL),
(712, 'MPOMBOLO', 'FUKINDOKI', '', '', '', '', '', '', NULL),
(713, 'MUFOKOTO', 'KWANZA', '', 'F', '', '', '', '', NULL),
(714, 'MUKEBA', 'KAFUKA', '', 'M', '', '', '', '', NULL),
(715, 'MULABU', 'SINZI', '', '', '', '', '', '', NULL),
(716, 'MUNINGA', 'KADIATA', '', 'M', '', '', '', '', NULL),
(717, 'MUZUNGU', 'FULABUANA', '', '', '', '', '', '', NULL),
(718, 'MWAMBA', 'MANDA', '', 'M', '', '', '', '', NULL),
(719, 'MWANZA', 'KABIMBA', '', '', '', '', '', '', NULL),
(720, 'NDEMBO', 'KANGUZU', '', '', '', '', '', '', NULL),
(721, 'NGBANGU', 'MBONGU', '', '', '', '', '', '', NULL),
(722, 'NGIMBIDI', 'NIMI', '', 'M', '', '', '', '', NULL),
(723, 'NGOY', 'LEVI', '', '', '', '', '', '', NULL),
(724, 'NGOYA', 'TSHIBANGU', '', 'M', '', '', '', '', NULL),
(725, 'NKALA', 'BIEPEL', '', '', '', '', '', '', NULL),
(726, 'NKETE', 'NOKO', '', 'M', '', '', '', '', NULL),
(727, 'NKOSO', 'BALAKA', '', 'F', '', '', '', '', NULL),
(728, 'NSABO', 'MUMBAMINA', '', '', '', '', '', '', NULL),
(729, 'NSEKA', 'NITU', 'JÉREMIE', '', '', '', '', '', NULL),
(730, 'NSENDA', 'KAMBALA', '', '', '', '', '', '', NULL),
(731, 'NSINGI', 'SOW', '', '', '', '', '', '', NULL),
(732, 'NTUMBA', 'MUKOMBELA', '', '', '', '', '', '', NULL),
(733, 'NTUMBA', 'MUTOMBO', '', 'M', '', '', '', '', NULL),
(734, 'NYOMPETI', 'NGOY', '', 'M', '', '', '', '', NULL),
(735, 'NZUZI', 'WEMBELO', '', 'F', '', '', '', '', NULL),
(736, 'OHELO', 'MULAMBA', 'LOUIS', 'M', '', '', '', '', NULL),
(737, 'OKITA', 'ONOKOKO', '', 'M', '', '', '', '', NULL),
(738, 'ONALOWA', 'ONOKOKO', '', 'M', '', '', '', '', NULL),
(739, 'PANGU', 'MUNANGA', '', '', '', '', '', '', NULL),
(740, 'PIONGO', 'NBUYI', '', 'M', '', '', '', '', NULL),
(741, 'POMBO', 'AMONANITU', '', 'M', '', '', '', '', NULL),
(742, 'SABE', 'KANYANGALA', '', '', '', '', '', '', NULL),
(743, 'SAILANGITA', 'MADEDE', 'NKEMBI', '', '', '', '', '', NULL),
(744, 'SIAMA', 'MAMBAMIKA', '', '', '', '', '', '', NULL),
(745, 'TAMPWO', 'YUKU', '', '', '', '', '', '', NULL),
(746, 'TSHINGI', 'KAILA', '', '', '', '', '', '', NULL),
(747, 'TSHINYOKA', 'TSHINYOKA', '', 'M', '', '', '', '', NULL),
(748, 'TSHITENDE', 'NGANDU', '', '', '', '', '', '', NULL),
(749, 'TSHITENGA', 'LUFULUABU', '', '', '', '', '', '', NULL),
(750, 'TSHIZUBU', 'TSHIBANGU', '', 'M', '', '', '', '', NULL),
(751, 'TSIMBA', 'PANZU', '', '', '', '', '', '', NULL),
(752, 'WALIUZI', 'RACHEL', 'ESTHER', 'F', '', '', '', '', NULL),
(753, 'YANDU', 'DJOKU', '', '', '', '', '', '', NULL),
(754, 'YEMBA', 'OTSHUMBE', '', '', '', '', '', '', NULL),
(755, 'YOKA', 'NGWEY', '', '', '', '', '', '', NULL);

-- --------------------------------------------------------

--
-- Structure de la table `promotion_entity`
--

CREATE TABLE `promotion_entity` (
  `id` int(11) NOT NULL,
  `nom` varchar(255) NOT NULL,
  `departEntityId` int(11) DEFAULT NULL
) ENGINE=InnoDB DEFAULT CHARSET=utf8mb4 COLLATE=utf8mb4_general_ci;

--
-- Déchargement des données de la table `promotion_entity`
--

INSERT INTO `promotion_entity` (`id`, `nom`, `departEntityId`) VALUES
(1, 'PREPO', 1),
(2, 'L1', 1),
(3, 'L2-GEI', 2),
(4, 'L2-GM', 3),
(5, 'L2-GC', 3),
(6, 'G3-GEI', 2),
(7, 'G3-GM', 3),
(8, 'G3-GC', 4),
(9, '1ICC-HCH', 4),
(10, '1ICC-SOA', 4),
(11, '2ICC-HCH', 4),
(12, '2ICC-SOA', 4),
(13, '1ICE-EE', 2),
(14, '2ICE-EE', 2),
(15, '1ICE-EN', 2),
(16, '2ICE-EN', 2),
(17, '2ICM-CM', 3),
(18, '1ICI', 2),
(19, '2ICI', 2),
(20, '1ICM-EM', 3),
(21, '2ICM-EM', 3),
(22, '1ICM-CM', 3);

-- --------------------------------------------------------

--
-- Structure de la table `role_entity`
--

CREATE TABLE `role_entity` (
  `id` int(11) NOT NULL,
  `nom` varchar(255) NOT NULL,
  `commentaire` varchar(255) NOT NULL DEFAULT ''
) ENGINE=InnoDB DEFAULT CHARSET=utf8mb4 COLLATE=utf8mb4_general_ci;

--
-- Déchargement des données de la table `role_entity`
--

INSERT INTO `role_entity` (`id`, `nom`, `commentaire`) VALUES
(1, 'user', ''),
(2, 'admin', ''),
(3, 'teacher', ''),
(4, 'employee', '');

--
-- Index pour les tables déchargées
--

--
-- Index pour la table `annee_entity`
--
ALTER TABLE `annee_entity`
  ADD PRIMARY KEY (`id`);

--
-- Index pour la table `classe_entity`
--
ALTER TABLE `classe_entity`
  ADD PRIMARY KEY (`id`),
  ADD KEY `FK_648ba407a59bdcb69ab7f4e18ce` (`anneeEntityId`),
  ADD KEY `FK_69322fc20a01571a80e8655fa62` (`promotionEntityId`),
  ADD KEY `FK_2d14923c376b0b8893cf66854e2` (`etudiantEntityId`);

--
-- Index pour la table `compte_entity`
--
ALTER TABLE `compte_entity`
  ADD PRIMARY KEY (`id`),
  ADD KEY `FK_51458c3d5e476bb0484b1decf6b` (`roleEntitiesId`);

--
-- Index pour la table `depart_entity`
--
ALTER TABLE `depart_entity`
  ADD PRIMARY KEY (`id`);

--
-- Index pour la table `etudiant_entity`
--
ALTER TABLE `etudiant_entity`
  ADD PRIMARY KEY (`id`),
  ADD UNIQUE KEY `IDX_51e92b19cb379739ed98395e23` (`compteEntityId`),
  ADD UNIQUE KEY `REL_51e92b19cb379739ed98395e23` (`compteEntityId`);

--
-- Index pour la table `promotion_entity`
--
ALTER TABLE `promotion_entity`
  ADD PRIMARY KEY (`id`),
  ADD KEY `FK_7d862d3c0a3753ae7179f90e76b` (`departEntityId`);

--
-- Index pour la table `role_entity`
--
ALTER TABLE `role_entity`
  ADD PRIMARY KEY (`id`);

--
-- AUTO_INCREMENT pour les tables déchargées
--

--
-- AUTO_INCREMENT pour la table `annee_entity`
--
ALTER TABLE `annee_entity`
  MODIFY `id` int(11) NOT NULL AUTO_INCREMENT, AUTO_INCREMENT=4;

--
-- AUTO_INCREMENT pour la table `classe_entity`
--
ALTER TABLE `classe_entity`
  MODIFY `id` int(11) NOT NULL AUTO_INCREMENT, AUTO_INCREMENT=756;

--
-- AUTO_INCREMENT pour la table `compte_entity`
--
ALTER TABLE `compte_entity`
  MODIFY `id` int(11) NOT NULL AUTO_INCREMENT, AUTO_INCREMENT=2;

--
-- AUTO_INCREMENT pour la table `depart_entity`
--
ALTER TABLE `depart_entity`
  MODIFY `id` int(11) NOT NULL AUTO_INCREMENT, AUTO_INCREMENT=5;

--
-- AUTO_INCREMENT pour la table `etudiant_entity`
--
ALTER TABLE `etudiant_entity`
  MODIFY `id` int(11) NOT NULL AUTO_INCREMENT, AUTO_INCREMENT=756;

--
-- AUTO_INCREMENT pour la table `promotion_entity`
--
ALTER TABLE `promotion_entity`
  MODIFY `id` int(11) NOT NULL AUTO_INCREMENT, AUTO_INCREMENT=23;

--
-- AUTO_INCREMENT pour la table `role_entity`
--
ALTER TABLE `role_entity`
  MODIFY `id` int(11) NOT NULL AUTO_INCREMENT, AUTO_INCREMENT=5;

--
-- Contraintes pour les tables déchargées
--

--
-- Contraintes pour la table `classe_entity`
--
ALTER TABLE `classe_entity`
  ADD CONSTRAINT `FK_2d14923c376b0b8893cf66854e2` FOREIGN KEY (`etudiantEntityId`) REFERENCES `etudiant_entity` (`id`) ON DELETE NO ACTION ON UPDATE NO ACTION,
  ADD CONSTRAINT `FK_648ba407a59bdcb69ab7f4e18ce` FOREIGN KEY (`anneeEntityId`) REFERENCES `annee_entity` (`id`) ON DELETE NO ACTION ON UPDATE NO ACTION,
  ADD CONSTRAINT `FK_69322fc20a01571a80e8655fa62` FOREIGN KEY (`promotionEntityId`) REFERENCES `promotion_entity` (`id`) ON DELETE NO ACTION ON UPDATE NO ACTION;

--
-- Contraintes pour la table `compte_entity`
--
ALTER TABLE `compte_entity`
  ADD CONSTRAINT `FK_51458c3d5e476bb0484b1decf6b` FOREIGN KEY (`roleEntitiesId`) REFERENCES `role_entity` (`id`) ON DELETE NO ACTION ON UPDATE NO ACTION;

--
-- Contraintes pour la table `etudiant_entity`
--
ALTER TABLE `etudiant_entity`
  ADD CONSTRAINT `FK_51e92b19cb379739ed98395e23b` FOREIGN KEY (`compteEntityId`) REFERENCES `compte_entity` (`id`) ON DELETE NO ACTION ON UPDATE NO ACTION;

--
-- Contraintes pour la table `promotion_entity`
--
ALTER TABLE `promotion_entity`
  ADD CONSTRAINT `FK_7d862d3c0a3753ae7179f90e76b` FOREIGN KEY (`departEntityId`) REFERENCES `depart_entity` (`id`) ON DELETE NO ACTION ON UPDATE NO ACTION;
COMMIT;

/*!40101 SET CHARACTER_SET_CLIENT=@OLD_CHARACTER_SET_CLIENT */;
/*!40101 SET CHARACTER_SET_RESULTS=@OLD_CHARACTER_SET_RESULTS */;
/*!40101 SET COLLATION_CONNECTION=@OLD_COLLATION_CONNECTION */;
